Account,Compound,Date,Negative,Neutral,Positive,Text,Tweets Ago
@BBC,0.4877,Sat Nov 04 15:32:06 +0000 2017,0.843,0.0,0.157,"Amy Winehouse, @Adele, @LoyleCarner &amp; @EllaEyre all went to @TheBRITSchool. But it's more than just a fame academy.‚Ä¶ https://t.co/u4UL7qZKCr",1
@BBC,0.0,Sat Nov 04 15:00:12 +0000 2017,1.0,0.0,0.0,Trucker culture is dying with automation ‚Äì and with it millions of jobs. üöõ https://t.co/UgdVkYIbFU https://t.co/71XSYxlaZt,2
@BBC,0.5994,Sat Nov 04 14:53:43 +0000 2017,0.837,0.0,0.163,"RT @BBCMOTD: Peter Crouch = super sub.

His 15th goal as a sub.

Only Defoe (23), Kanu and Solskjaer (17) have more.

https://t.co/8UftsSAX‚Ä¶",3
@BBC,0.0,Sat Nov 04 14:53:11 +0000 2017,1.0,0.0,0.0,"RT @BBCSport: FT England 29-10 Lebanon

Get all the reaction on @BBCTwo &amp; @5liveSport Extra üëâ https://t.co/KklI8h3yma #RLWC2017 #bbcrl #ENG‚Ä¶",4
@BBC,0.0,Sat Nov 04 14:52:17 +0000 2017,1.0,0.0,0.0,"RT @BBCSport: Felipe Massa will retire from #F1  at the end of this season.

Find out moreüëâ https://t.co/STCmQnwvzK https://t.co/eSlDcW15wV",5
@BBC,0.4588,Sat Nov 04 14:44:58 +0000 2017,0.857,0.0,0.143,"RT @BBCOne: Welcome to the family business. 

@jginorton leads an all-star cast in #McMafia. Coming soon to @BBCOne. https://t.co/We5GwJk4i0",6
@BBC,0.0,Sat Nov 04 14:26:38 +0000 2017,1.0,0.0,0.0,RT @bbcthree: This barber reminds us how small actions can make a big difference. https://t.co/YelP68UZxh,7
@BBC,0.6369,Sat Nov 04 14:26:06 +0000 2017,0.846,0.0,0.154,"Did you know there‚Äôs a best time to eat, think &amp; do sport? It‚Äôs not just our brain's clock that keeps time for us.‚Ä¶ https://t.co/76BDqzsz7k",8
@BBC,-0.6249,Sat Nov 04 14:03:04 +0000 2017,0.638,0.362,0.0,Police discover a suspected 'WW2 bomb' is actually a big courgette. https://t.co/YyKrAVnycQ https://t.co/vdZnam8Bjt,9
@BBC,-0.3612,Sat Nov 04 13:30:07 +0000 2017,0.878,0.122,0.0,"'We have our stories, struggles &amp; power. We just need to be represented.' Meet the photographer reframing beauty.üì∏‚úä‚Ä¶ https://t.co/bPTmyHcNfy",10
@BBC,0.0,Sat Nov 04 13:03:09 +0000 2017,1.0,0.0,0.0,üöÄ ‚ú® Did you know that Disney is the largest consumer of fireworks in the world? More firework facts üëâ‚Ä¶ https://t.co/QLVen2LXWX,11
@BBC,0.0,Sat Nov 04 12:32:03 +0000 2017,1.0,0.0,0.0,Can‚Äôt get enough of #BluePlanet2? Take a deeper dive into the science of the show with this podcast. üëâ‚Ä¶ https://t.co/qhoRuQ0PXz,12
@BBC,-0.3182,Sat Nov 04 12:03:04 +0000 2017,0.881,0.119,0.0,"Twitter users were left confused after the name ""Sue"" was discovered etched into an Oxfordshire field. #WhoIsSue‚Ä¶ https://t.co/VZFnZ62n7A",13
@BBC,-0.25,Sat Nov 04 11:30:05 +0000 2017,0.693,0.172,0.135,"To celebrate Murder on the Orient Express hitting UK cinemas, here are seven train movies to set the pulse racing.‚Ä¶ https://t.co/PqTALE0vcn",14
@BBC,0.0,Sat Nov 04 11:01:02 +0000 2017,1.0,0.0,0.0,Someone has farted on @grahnort's sofa...but who was it? üòÇ (Via @BBCOne) https://t.co/zG2YvGvac9,15
@BBC,-0.1531,Sat Nov 04 10:30:05 +0000 2017,0.675,0.155,0.171,There remains intense interest in Ruan Lingyu &amp; the mystery surrounding her death. Who was the enigmatic film star?‚Ä¶ https://t.co/hFtAJiePry,16
@BBC,-0.1779,Sat Nov 04 09:30:04 +0000 2017,0.805,0.195,0.0,Gossip travels fast in Shetland. üòÇ Via @BBCTheSocial. https://t.co/vzZq1YZUYI,17
@BBC,0.8225,Sat Nov 04 09:24:21 +0000 2017,0.699,0.0,0.301,"RT @BBCCiN: The best brains in Britain are building life-changing solutions for children in the #CiN Big Life Fix special.

@BBCTwo‚Äã Wed 8t‚Ä¶",18
@BBC,0.4019,Sat Nov 04 09:23:31 +0000 2017,0.856,0.0,0.144,"RT @CBeebiesHQ: Whatever the weather, keep your kids entertained this #autumn with these 5 ideas...

üçÅüçÇ https://t.co/wT8oVaVYqg üôå

@HEYDUGG‚Ä¶",19
@BBC,0.7351,Sat Nov 04 09:22:39 +0000 2017,0.788,0.0,0.212,"RT @5liveSport: ""My kids saw me in a state that a kid should never see his Dad""

This is powerful stuff: 
Stiliyan Petrov on his brave batt‚Ä¶",20
@BBC,0.4877,Sat Nov 04 15:32:06 +0000 2017,0.843,0.0,0.157,"Amy Winehouse, @Adele, @LoyleCarner &amp; @EllaEyre all went to @TheBRITSchool. But it's more than just a fame academy.‚Ä¶ https://t.co/u4UL7qZKCr",21
@BBC,0.0,Sat Nov 04 15:00:12 +0000 2017,1.0,0.0,0.0,Trucker culture is dying with automation ‚Äì and with it millions of jobs. üöõ https://t.co/UgdVkYIbFU https://t.co/71XSYxlaZt,22
@BBC,0.5994,Sat Nov 04 14:53:43 +0000 2017,0.837,0.0,0.163,"RT @BBCMOTD: Peter Crouch = super sub.

His 15th goal as a sub.

Only Defoe (23), Kanu and Solskjaer (17) have more.

https://t.co/8UftsSAX‚Ä¶",23
@BBC,0.0,Sat Nov 04 14:53:11 +0000 2017,1.0,0.0,0.0,"RT @BBCSport: FT England 29-10 Lebanon

Get all the reaction on @BBCTwo &amp; @5liveSport Extra üëâ https://t.co/KklI8h3yma #RLWC2017 #bbcrl #ENG‚Ä¶",24
@BBC,0.0,Sat Nov 04 14:52:17 +0000 2017,1.0,0.0,0.0,"RT @BBCSport: Felipe Massa will retire from #F1  at the end of this season.

Find out moreüëâ https://t.co/STCmQnwvzK https://t.co/eSlDcW15wV",25
@BBC,0.4588,Sat Nov 04 14:44:58 +0000 2017,0.857,0.0,0.143,"RT @BBCOne: Welcome to the family business. 

@jginorton leads an all-star cast in #McMafia. Coming soon to @BBCOne. https://t.co/We5GwJk4i0",26
@BBC,0.0,Sat Nov 04 14:26:38 +0000 2017,1.0,0.0,0.0,RT @bbcthree: This barber reminds us how small actions can make a big difference. https://t.co/YelP68UZxh,27
@BBC,0.6369,Sat Nov 04 14:26:06 +0000 2017,0.846,0.0,0.154,"Did you know there‚Äôs a best time to eat, think &amp; do sport? It‚Äôs not just our brain's clock that keeps time for us.‚Ä¶ https://t.co/76BDqzsz7k",28
@BBC,-0.6249,Sat Nov 04 14:03:04 +0000 2017,0.638,0.362,0.0,Police discover a suspected 'WW2 bomb' is actually a big courgette. https://t.co/YyKrAVnycQ https://t.co/vdZnam8Bjt,29
@BBC,-0.3612,Sat Nov 04 13:30:07 +0000 2017,0.878,0.122,0.0,"'We have our stories, struggles &amp; power. We just need to be represented.' Meet the photographer reframing beauty.üì∏‚úä‚Ä¶ https://t.co/bPTmyHcNfy",30
@BBC,0.0,Sat Nov 04 13:03:09 +0000 2017,1.0,0.0,0.0,üöÄ ‚ú® Did you know that Disney is the largest consumer of fireworks in the world? More firework facts üëâ‚Ä¶ https://t.co/QLVen2LXWX,31
@BBC,0.0,Sat Nov 04 12:32:03 +0000 2017,1.0,0.0,0.0,Can‚Äôt get enough of #BluePlanet2? Take a deeper dive into the science of the show with this podcast. üëâ‚Ä¶ https://t.co/qhoRuQ0PXz,32
@BBC,-0.3182,Sat Nov 04 12:03:04 +0000 2017,0.881,0.119,0.0,"Twitter users were left confused after the name ""Sue"" was discovered etched into an Oxfordshire field. #WhoIsSue‚Ä¶ https://t.co/VZFnZ62n7A",33
@BBC,-0.25,Sat Nov 04 11:30:05 +0000 2017,0.693,0.172,0.135,"To celebrate Murder on the Orient Express hitting UK cinemas, here are seven train movies to set the pulse racing.‚Ä¶ https://t.co/PqTALE0vcn",34
@BBC,0.0,Sat Nov 04 11:01:02 +0000 2017,1.0,0.0,0.0,Someone has farted on @grahnort's sofa...but who was it? üòÇ (Via @BBCOne) https://t.co/zG2YvGvac9,35
@BBC,-0.1531,Sat Nov 04 10:30:05 +0000 2017,0.675,0.155,0.171,There remains intense interest in Ruan Lingyu &amp; the mystery surrounding her death. Who was the enigmatic film star?‚Ä¶ https://t.co/hFtAJiePry,36
@BBC,-0.1779,Sat Nov 04 09:30:04 +0000 2017,0.805,0.195,0.0,Gossip travels fast in Shetland. üòÇ Via @BBCTheSocial. https://t.co/vzZq1YZUYI,37
@BBC,0.8225,Sat Nov 04 09:24:21 +0000 2017,0.699,0.0,0.301,"RT @BBCCiN: The best brains in Britain are building life-changing solutions for children in the #CiN Big Life Fix special.

@BBCTwo‚Äã Wed 8t‚Ä¶",38
@BBC,0.4019,Sat Nov 04 09:23:31 +0000 2017,0.856,0.0,0.144,"RT @CBeebiesHQ: Whatever the weather, keep your kids entertained this #autumn with these 5 ideas...

üçÅüçÇ https://t.co/wT8oVaVYqg üôå

@HEYDUGG‚Ä¶",39
@BBC,0.7351,Sat Nov 04 09:22:39 +0000 2017,0.788,0.0,0.212,"RT @5liveSport: ""My kids saw me in a state that a kid should never see his Dad""

This is powerful stuff: 
Stiliyan Petrov on his brave batt‚Ä¶",40
@BBC,0.4877,Sat Nov 04 15:32:06 +0000 2017,0.843,0.0,0.157,"Amy Winehouse, @Adele, @LoyleCarner &amp; @EllaEyre all went to @TheBRITSchool. But it's more than just a fame academy.‚Ä¶ https://t.co/u4UL7qZKCr",41
@BBC,0.0,Sat Nov 04 15:00:12 +0000 2017,1.0,0.0,0.0,Trucker culture is dying with automation ‚Äì and with it millions of jobs. üöõ https://t.co/UgdVkYIbFU https://t.co/71XSYxlaZt,42
@BBC,0.5994,Sat Nov 04 14:53:43 +0000 2017,0.837,0.0,0.163,"RT @BBCMOTD: Peter Crouch = super sub.

His 15th goal as a sub.

Only Defoe (23), Kanu and Solskjaer (17) have more.

https://t.co/8UftsSAX‚Ä¶",43
@BBC,0.0,Sat Nov 04 14:53:11 +0000 2017,1.0,0.0,0.0,"RT @BBCSport: FT England 29-10 Lebanon

Get all the reaction on @BBCTwo &amp; @5liveSport Extra üëâ https://t.co/KklI8h3yma #RLWC2017 #bbcrl #ENG‚Ä¶",44
@BBC,0.0,Sat Nov 04 14:52:17 +0000 2017,1.0,0.0,0.0,"RT @BBCSport: Felipe Massa will retire from #F1  at the end of this season.

Find out moreüëâ https://t.co/STCmQnwvzK https://t.co/eSlDcW15wV",45
@BBC,0.4588,Sat Nov 04 14:44:58 +0000 2017,0.857,0.0,0.143,"RT @BBCOne: Welcome to the family business. 

@jginorton leads an all-star cast in #McMafia. Coming soon to @BBCOne. https://t.co/We5GwJk4i0",46
@BBC,0.0,Sat Nov 04 14:26:38 +0000 2017,1.0,0.0,0.0,RT @bbcthree: This barber reminds us how small actions can make a big difference. https://t.co/YelP68UZxh,47
@BBC,0.6369,Sat Nov 04 14:26:06 +0000 2017,0.846,0.0,0.154,"Did you know there‚Äôs a best time to eat, think &amp; do sport? It‚Äôs not just our brain's clock that keeps time for us.‚Ä¶ https://t.co/76BDqzsz7k",48
@BBC,-0.6249,Sat Nov 04 14:03:04 +0000 2017,0.638,0.362,0.0,Police discover a suspected 'WW2 bomb' is actually a big courgette. https://t.co/YyKrAVnycQ https://t.co/vdZnam8Bjt,49
@BBC,-0.3612,Sat Nov 04 13:30:07 +0000 2017,0.878,0.122,0.0,"'We have our stories, struggles &amp; power. We just need to be represented.' Meet the photographer reframing beauty.üì∏‚úä‚Ä¶ https://t.co/bPTmyHcNfy",50
@BBC,0.0,Sat Nov 04 13:03:09 +0000 2017,1.0,0.0,0.0,üöÄ ‚ú® Did you know that Disney is the largest consumer of fireworks in the world? More firework facts üëâ‚Ä¶ https://t.co/QLVen2LXWX,51
@BBC,0.0,Sat Nov 04 12:32:03 +0000 2017,1.0,0.0,0.0,Can‚Äôt get enough of #BluePlanet2? Take a deeper dive into the science of the show with this podcast. üëâ‚Ä¶ https://t.co/qhoRuQ0PXz,52
@BBC,-0.3182,Sat Nov 04 12:03:04 +0000 2017,0.881,0.119,0.0,"Twitter users were left confused after the name ""Sue"" was discovered etched into an Oxfordshire field. #WhoIsSue‚Ä¶ https://t.co/VZFnZ62n7A",53
@BBC,-0.25,Sat Nov 04 11:30:05 +0000 2017,0.693,0.172,0.135,"To celebrate Murder on the Orient Express hitting UK cinemas, here are seven train movies to set the pulse racing.‚Ä¶ https://t.co/PqTALE0vcn",54
@BBC,0.0,Sat Nov 04 11:01:02 +0000 2017,1.0,0.0,0.0,Someone has farted on @grahnort's sofa...but who was it? üòÇ (Via @BBCOne) https://t.co/zG2YvGvac9,55
@BBC,-0.1531,Sat Nov 04 10:30:05 +0000 2017,0.675,0.155,0.171,There remains intense interest in Ruan Lingyu &amp; the mystery surrounding her death. Who was the enigmatic film star?‚Ä¶ https://t.co/hFtAJiePry,56
@BBC,-0.1779,Sat Nov 04 09:30:04 +0000 2017,0.805,0.195,0.0,Gossip travels fast in Shetland. üòÇ Via @BBCTheSocial. https://t.co/vzZq1YZUYI,57
@BBC,0.8225,Sat Nov 04 09:24:21 +0000 2017,0.699,0.0,0.301,"RT @BBCCiN: The best brains in Britain are building life-changing solutions for children in the #CiN Big Life Fix special.

@BBCTwo‚Äã Wed 8t‚Ä¶",58
@BBC,0.4019,Sat Nov 04 09:23:31 +0000 2017,0.856,0.0,0.144,"RT @CBeebiesHQ: Whatever the weather, keep your kids entertained this #autumn with these 5 ideas...

üçÅüçÇ https://t.co/wT8oVaVYqg üôå

@HEYDUGG‚Ä¶",59
@BBC,0.7351,Sat Nov 04 09:22:39 +0000 2017,0.788,0.0,0.212,"RT @5liveSport: ""My kids saw me in a state that a kid should never see his Dad""

This is powerful stuff: 
Stiliyan Petrov on his brave batt‚Ä¶",60
@BBC,0.4877,Sat Nov 04 15:32:06 +0000 2017,0.843,0.0,0.157,"Amy Winehouse, @Adele, @LoyleCarner &amp; @EllaEyre all went to @TheBRITSchool. But it's more than just a fame academy.‚Ä¶ https://t.co/u4UL7qZKCr",61
@BBC,0.0,Sat Nov 04 15:00:12 +0000 2017,1.0,0.0,0.0,Trucker culture is dying with automation ‚Äì and with it millions of jobs. üöõ https://t.co/UgdVkYIbFU https://t.co/71XSYxlaZt,62
@BBC,0.5994,Sat Nov 04 14:53:43 +0000 2017,0.837,0.0,0.163,"RT @BBCMOTD: Peter Crouch = super sub.

His 15th goal as a sub.

Only Defoe (23), Kanu and Solskjaer (17) have more.

https://t.co/8UftsSAX‚Ä¶",63
@BBC,0.0,Sat Nov 04 14:53:11 +0000 2017,1.0,0.0,0.0,"RT @BBCSport: FT England 29-10 Lebanon

Get all the reaction on @BBCTwo &amp; @5liveSport Extra üëâ https://t.co/KklI8h3yma #RLWC2017 #bbcrl #ENG‚Ä¶",64
@BBC,0.0,Sat Nov 04 14:52:17 +0000 2017,1.0,0.0,0.0,"RT @BBCSport: Felipe Massa will retire from #F1  at the end of this season.

Find out moreüëâ https://t.co/STCmQnwvzK https://t.co/eSlDcW15wV",65
@BBC,0.4588,Sat Nov 04 14:44:58 +0000 2017,0.857,0.0,0.143,"RT @BBCOne: Welcome to the family business. 

@jginorton leads an all-star cast in #McMafia. Coming soon to @BBCOne. https://t.co/We5GwJk4i0",66
@BBC,0.0,Sat Nov 04 14:26:38 +0000 2017,1.0,0.0,0.0,RT @bbcthree: This barber reminds us how small actions can make a big difference. https://t.co/YelP68UZxh,67
@BBC,0.6369,Sat Nov 04 14:26:06 +0000 2017,0.846,0.0,0.154,"Did you know there‚Äôs a best time to eat, think &amp; do sport? It‚Äôs not just our brain's clock that keeps time for us.‚Ä¶ https://t.co/76BDqzsz7k",68
@BBC,-0.6249,Sat Nov 04 14:03:04 +0000 2017,0.638,0.362,0.0,Police discover a suspected 'WW2 bomb' is actually a big courgette. https://t.co/YyKrAVnycQ https://t.co/vdZnam8Bjt,69
@BBC,-0.3612,Sat Nov 04 13:30:07 +0000 2017,0.878,0.122,0.0,"'We have our stories, struggles &amp; power. We just need to be represented.' Meet the photographer reframing beauty.üì∏‚úä‚Ä¶ https://t.co/bPTmyHcNfy",70
@BBC,0.0,Sat Nov 04 13:03:09 +0000 2017,1.0,0.0,0.0,üöÄ ‚ú® Did you know that Disney is the largest consumer of fireworks in the world? More firework facts üëâ‚Ä¶ https://t.co/QLVen2LXWX,71
@BBC,0.0,Sat Nov 04 12:32:03 +0000 2017,1.0,0.0,0.0,Can‚Äôt get enough of #BluePlanet2? Take a deeper dive into the science of the show with this podcast. üëâ‚Ä¶ https://t.co/qhoRuQ0PXz,72
@BBC,-0.3182,Sat Nov 04 12:03:04 +0000 2017,0.881,0.119,0.0,"Twitter users were left confused after the name ""Sue"" was discovered etched into an Oxfordshire field. #WhoIsSue‚Ä¶ https://t.co/VZFnZ62n7A",73
@BBC,-0.25,Sat Nov 04 11:30:05 +0000 2017,0.693,0.172,0.135,"To celebrate Murder on the Orient Express hitting UK cinemas, here are seven train movies to set the pulse racing.‚Ä¶ https://t.co/PqTALE0vcn",74
@BBC,0.0,Sat Nov 04 11:01:02 +0000 2017,1.0,0.0,0.0,Someone has farted on @grahnort's sofa...but who was it? üòÇ (Via @BBCOne) https://t.co/zG2YvGvac9,75
@BBC,-0.1531,Sat Nov 04 10:30:05 +0000 2017,0.675,0.155,0.171,There remains intense interest in Ruan Lingyu &amp; the mystery surrounding her death. Who was the enigmatic film star?‚Ä¶ https://t.co/hFtAJiePry,76
@BBC,-0.1779,Sat Nov 04 09:30:04 +0000 2017,0.805,0.195,0.0,Gossip travels fast in Shetland. üòÇ Via @BBCTheSocial. https://t.co/vzZq1YZUYI,77
@BBC,0.8225,Sat Nov 04 09:24:21 +0000 2017,0.699,0.0,0.301,"RT @BBCCiN: The best brains in Britain are building life-changing solutions for children in the #CiN Big Life Fix special.

@BBCTwo‚Äã Wed 8t‚Ä¶",78
@BBC,0.4019,Sat Nov 04 09:23:31 +0000 2017,0.856,0.0,0.144,"RT @CBeebiesHQ: Whatever the weather, keep your kids entertained this #autumn with these 5 ideas...

üçÅüçÇ https://t.co/wT8oVaVYqg üôå

@HEYDUGG‚Ä¶",79
@BBC,0.7351,Sat Nov 04 09:22:39 +0000 2017,0.788,0.0,0.212,"RT @5liveSport: ""My kids saw me in a state that a kid should never see his Dad""

This is powerful stuff: 
Stiliyan Petrov on his brave batt‚Ä¶",80
@BBC,0.4877,Sat Nov 04 15:32:06 +0000 2017,0.843,0.0,0.157,"Amy Winehouse, @Adele, @LoyleCarner &amp; @EllaEyre all went to @TheBRITSchool. But it's more than just a fame academy.‚Ä¶ https://t.co/u4UL7qZKCr",81
@BBC,0.0,Sat Nov 04 15:00:12 +0000 2017,1.0,0.0,0.0,Trucker culture is dying with automation ‚Äì and with it millions of jobs. üöõ https://t.co/UgdVkYIbFU https://t.co/71XSYxlaZt,82
@BBC,0.5994,Sat Nov 04 14:53:43 +0000 2017,0.837,0.0,0.163,"RT @BBCMOTD: Peter Crouch = super sub.

His 15th goal as a sub.

Only Defoe (23), Kanu and Solskjaer (17) have more.

https://t.co/8UftsSAX‚Ä¶",83
@BBC,0.0,Sat Nov 04 14:53:11 +0000 2017,1.0,0.0,0.0,"RT @BBCSport: FT England 29-10 Lebanon

Get all the reaction on @BBCTwo &amp; @5liveSport Extra üëâ https://t.co/KklI8h3yma #RLWC2017 #bbcrl #ENG‚Ä¶",84
@BBC,0.0,Sat Nov 04 14:52:17 +0000 2017,1.0,0.0,0.0,"RT @BBCSport: Felipe Massa will retire from #F1  at the end of this season.

Find out moreüëâ https://t.co/STCmQnwvzK https://t.co/eSlDcW15wV",85
@BBC,0.4588,Sat Nov 04 14:44:58 +0000 2017,0.857,0.0,0.143,"RT @BBCOne: Welcome to the family business. 

@jginorton leads an all-star cast in #McMafia. Coming soon to @BBCOne. https://t.co/We5GwJk4i0",86
@BBC,0.0,Sat Nov 04 14:26:38 +0000 2017,1.0,0.0,0.0,RT @bbcthree: This barber reminds us how small actions can make a big difference. https://t.co/YelP68UZxh,87
@BBC,0.6369,Sat Nov 04 14:26:06 +0000 2017,0.846,0.0,0.154,"Did you know there‚Äôs a best time to eat, think &amp; do sport? It‚Äôs not just our brain's clock that keeps time for us.‚Ä¶ https://t.co/76BDqzsz7k",88
@BBC,-0.6249,Sat Nov 04 14:03:04 +0000 2017,0.638,0.362,0.0,Police discover a suspected 'WW2 bomb' is actually a big courgette. https://t.co/YyKrAVnycQ https://t.co/vdZnam8Bjt,89
@BBC,-0.3612,Sat Nov 04 13:30:07 +0000 2017,0.878,0.122,0.0,"'We have our stories, struggles &amp; power. We just need to be represented.' Meet the photographer reframing beauty.üì∏‚úä‚Ä¶ https://t.co/bPTmyHcNfy",90
@BBC,0.0,Sat Nov 04 13:03:09 +0000 2017,1.0,0.0,0.0,üöÄ ‚ú® Did you know that Disney is the largest consumer of fireworks in the world? More firework facts üëâ‚Ä¶ https://t.co/QLVen2LXWX,91
@BBC,0.0,Sat Nov 04 12:32:03 +0000 2017,1.0,0.0,0.0,Can‚Äôt get enough of #BluePlanet2? Take a deeper dive into the science of the show with this podcast. üëâ‚Ä¶ https://t.co/qhoRuQ0PXz,92
@BBC,-0.3182,Sat Nov 04 12:03:04 +0000 2017,0.881,0.119,0.0,"Twitter users were left confused after the name ""Sue"" was discovered etched into an Oxfordshire field. #WhoIsSue‚Ä¶ https://t.co/VZFnZ62n7A",93
@BBC,-0.25,Sat Nov 04 11:30:05 +0000 2017,0.693,0.172,0.135,"To celebrate Murder on the Orient Express hitting UK cinemas, here are seven train movies to set the pulse racing.‚Ä¶ https://t.co/PqTALE0vcn",94
@BBC,0.0,Sat Nov 04 11:01:02 +0000 2017,1.0,0.0,0.0,Someone has farted on @grahnort's sofa...but who was it? üòÇ (Via @BBCOne) https://t.co/zG2YvGvac9,95
@BBC,-0.1531,Sat Nov 04 10:30:05 +0000 2017,0.675,0.155,0.171,There remains intense interest in Ruan Lingyu &amp; the mystery surrounding her death. Who was the enigmatic film star?‚Ä¶ https://t.co/hFtAJiePry,96
@BBC,-0.1779,Sat Nov 04 09:30:04 +0000 2017,0.805,0.195,0.0,Gossip travels fast in Shetland. üòÇ Via @BBCTheSocial. https://t.co/vzZq1YZUYI,97
@BBC,0.8225,Sat Nov 04 09:24:21 +0000 2017,0.699,0.0,0.301,"RT @BBCCiN: The best brains in Britain are building life-changing solutions for children in the #CiN Big Life Fix special.

@BBCTwo‚Äã Wed 8t‚Ä¶",98
@BBC,0.4019,Sat Nov 04 09:23:31 +0000 2017,0.856,0.0,0.144,"RT @CBeebiesHQ: Whatever the weather, keep your kids entertained this #autumn with these 5 ideas...

üçÅüçÇ https://t.co/wT8oVaVYqg üôå

@HEYDUGG‚Ä¶",99
@BBC,0.7351,Sat Nov 04 09:22:39 +0000 2017,0.788,0.0,0.212,"RT @5liveSport: ""My kids saw me in a state that a kid should never see his Dad""

This is powerful stuff: 
Stiliyan Petrov on his brave batt‚Ä¶",100
@CBS,0.0,Sat Nov 04 13:54:31 +0000 2017,1.0,0.0,0.0,Stream the South Carolina Gamecocks at Georgia Bulldogs LIVE today at 3:30PM ET! Try #CBSAllAccess FREE:‚Ä¶ https://t.co/f3nZLlh7Vv,101
@CBS,0.6166,Fri Nov 03 00:45:05 +0000 2017,0.776,0.0,0.224,Stream the season premiere of #LifeInPieces tonight at 9:30/8:30c with a FREE trial of #CBSAllAccess:‚Ä¶ https://t.co/FMHinKs6si,102
@CBS,0.0,Thu Nov 02 23:02:32 +0000 2017,1.0,0.0,0.0,RT @swatcbs: .@ShemarMoore takes command tonight on the series premiere of #SWAT at 10/9c on @CBS &amp; CBS All Access: https://t.co/ANyt4qF6iF‚Ä¶,103
@CBS,0.6514,Thu Nov 02 19:38:35 +0000 2017,0.797,0.0,0.203,It's almost time! Stream the series premiere of #SWAT tonight at 10/9c with a FREE trial of #CBSAllAccess:‚Ä¶ https://t.co/lpPKp9ayTJ,104
@CBS,0.6369,Thu Nov 02 17:38:03 +0000 2017,0.819,0.0,0.181,RT @CBSThisMorning: Listen to @IainLoveTheatre chat w/ @Mistahwax about making @YoungSheldonCBS his own + his love for Broadway &amp; magic: ht‚Ä¶,105
@CBS,0.6514,Thu Nov 02 16:47:35 +0000 2017,0.806,0.0,0.194,The ladies are back! Stream the season premiere of #Mom tonight at 9/8c with a FREE trial of #CBSAllAccess:‚Ä¶ https://t.co/y4vL5wMSEM,106
@CBS,0.0,Thu Nov 02 10:09:01 +0000 2017,1.0,0.0,0.0,"Buffalo viewers: Due to NFL, stream the CBS lineup on-demand at https://t.co/bbQB95EVxJ tonight. For more:‚Ä¶ https://t.co/u9U9P7Ggqq",107
@CBS,0.0,Thu Nov 02 10:08:01 +0000 2017,1.0,0.0,0.0,"NYC viewers ONLY: Due to NFL, tune in to WLNY for CBS Thursday night lineup, or stream on https://t.co/2XNQAg6gJ6 l‚Ä¶ https://t.co/LHJahNFRi3",108
@CBS,0.0,Thu Nov 02 00:24:36 +0000 2017,1.0,0.0,0.0,"Buffalo viewers ONLY: Due to NFL, stream CBS Thursday night lineup on-demand at https://t.co/bbQB95Wwph. For more:‚Ä¶ https://t.co/Fzpq2sTzqY",109
@CBS,0.0,Thu Nov 02 00:19:17 +0000 2017,1.0,0.0,0.0,"NYC viewers ONLY: Due to NFL, tune in to WLNY for CBS Thursday night lineup, or stream on https://t.co/2XNQAgnRAE l‚Ä¶ https://t.co/fnwck6n2uv",110
@CBS,0.0,Wed Nov 01 17:07:30 +0000 2017,1.0,0.0,0.0,"RT @ManWithAPlan: Hi-five, fans! #ManWithAPlan will premiere Monday, Nov. 13 at 8:30/7:30c on @CBS!üñêüèº https://t.co/njrMa5S6Qz",111
@CBS,0.8932,Wed Nov 01 00:56:34 +0000 2017,0.457,0.05,0.494,Ready to trick or treat! Celebrate tonight with Michael Jackson's Halloween special on CBS: https://t.co/T3hlVVTfSB‚Ä¶ https://t.co/e9ztbUeae0,112
@CBS,0.7959,Tue Oct 31 20:09:21 +0000 2017,0.608,0.0,0.392,Happy #Halloween! Grab your friends and watch Michael Jackson's Halloween tonight: https://t.co/T3hlVVTfSB‚Ä¶ https://t.co/Kg5bxNqwTp,113
@CBS,0.7574,Tue Oct 31 17:01:24 +0000 2017,0.533,0.071,0.396,Trick or treat. üéÉ Happy Halloween! Catch up on #MJHalloween now:  https://t.co/T3hlVVTfSB https://t.co/DMyE1q4scs,114
@CBS,0.6124,Tue Oct 31 17:00:06 +0000 2017,0.737,0.0,0.263,RT @swatcbs: Get ready for a thrill ride this Thursday with the series premiere of #SWAT. https://t.co/xz92zXp6kR,115
@CBS,0.6996,Tue Oct 31 14:00:01 +0000 2017,0.734,0.0,0.266,Join the fun with Jim Parsons as Hay Man in Michael Jackson's Halloween! Watch the full special:‚Ä¶ https://t.co/Y1FKFnRd0p,116
@CBS,0.0572,Mon Oct 30 22:44:05 +0000 2017,0.892,0.05,0.059,RT @SuperiorDonuts: You won't want to miss the #SuperiorDonuts Season 2 premiere tonight at its new time: 9/8c on CBS &amp; CBS All Access: htt‚Ä¶,117
@CBS,0.2732,Mon Oct 30 22:41:43 +0000 2017,0.89,0.0,0.11,RT @SuperiorDonuts: Should we blindfold @jermaineFOWLER and see how well he can guess the flavor of donuts? #SuperiorDonuts,118
@CBS,0.0,Mon Oct 30 20:00:52 +0000 2017,1.0,0.0,0.0,RT @swatcbs: Sometimes following the rules &amp; doing what's right isn't always the same thing. #SWAT premieres this Thursday at 10/9c on @CBS‚Ä¶,119
@CBS,0.0,Mon Oct 30 20:00:46 +0000 2017,1.0,0.0,0.0,RT @swatcbs: Start breaking down some doors in three days with the series premiere of #SWAT. https://t.co/X8OTd8OE9y,120
@CBS,0.0,Sat Nov 04 13:54:31 +0000 2017,1.0,0.0,0.0,Stream the South Carolina Gamecocks at Georgia Bulldogs LIVE today at 3:30PM ET! Try #CBSAllAccess FREE:‚Ä¶ https://t.co/f3nZLlh7Vv,121
@CBS,0.6166,Fri Nov 03 00:45:05 +0000 2017,0.776,0.0,0.224,Stream the season premiere of #LifeInPieces tonight at 9:30/8:30c with a FREE trial of #CBSAllAccess:‚Ä¶ https://t.co/FMHinKs6si,122
@CBS,0.0,Thu Nov 02 23:02:32 +0000 2017,1.0,0.0,0.0,RT @swatcbs: .@ShemarMoore takes command tonight on the series premiere of #SWAT at 10/9c on @CBS &amp; CBS All Access: https://t.co/ANyt4qF6iF‚Ä¶,123
@CBS,0.6514,Thu Nov 02 19:38:35 +0000 2017,0.797,0.0,0.203,It's almost time! Stream the series premiere of #SWAT tonight at 10/9c with a FREE trial of #CBSAllAccess:‚Ä¶ https://t.co/lpPKp9ayTJ,124
@CBS,0.6369,Thu Nov 02 17:38:03 +0000 2017,0.819,0.0,0.181,RT @CBSThisMorning: Listen to @IainLoveTheatre chat w/ @Mistahwax about making @YoungSheldonCBS his own + his love for Broadway &amp; magic: ht‚Ä¶,125
@CBS,0.6514,Thu Nov 02 16:47:35 +0000 2017,0.806,0.0,0.194,The ladies are back! Stream the season premiere of #Mom tonight at 9/8c with a FREE trial of #CBSAllAccess:‚Ä¶ https://t.co/y4vL5wMSEM,126
@CBS,0.0,Thu Nov 02 10:09:01 +0000 2017,1.0,0.0,0.0,"Buffalo viewers: Due to NFL, stream the CBS lineup on-demand at https://t.co/bbQB95EVxJ tonight. For more:‚Ä¶ https://t.co/u9U9P7Ggqq",127
@CBS,0.0,Thu Nov 02 10:08:01 +0000 2017,1.0,0.0,0.0,"NYC viewers ONLY: Due to NFL, tune in to WLNY for CBS Thursday night lineup, or stream on https://t.co/2XNQAg6gJ6 l‚Ä¶ https://t.co/LHJahNFRi3",128
@CBS,0.0,Thu Nov 02 00:24:36 +0000 2017,1.0,0.0,0.0,"Buffalo viewers ONLY: Due to NFL, stream CBS Thursday night lineup on-demand at https://t.co/bbQB95Wwph. For more:‚Ä¶ https://t.co/Fzpq2sTzqY",129
@CBS,0.0,Thu Nov 02 00:19:17 +0000 2017,1.0,0.0,0.0,"NYC viewers ONLY: Due to NFL, tune in to WLNY for CBS Thursday night lineup, or stream on https://t.co/2XNQAgnRAE l‚Ä¶ https://t.co/fnwck6n2uv",130
@CBS,0.0,Wed Nov 01 17:07:30 +0000 2017,1.0,0.0,0.0,"RT @ManWithAPlan: Hi-five, fans! #ManWithAPlan will premiere Monday, Nov. 13 at 8:30/7:30c on @CBS!üñêüèº https://t.co/njrMa5S6Qz",131
@CBS,0.8932,Wed Nov 01 00:56:34 +0000 2017,0.457,0.05,0.494,Ready to trick or treat! Celebrate tonight with Michael Jackson's Halloween special on CBS: https://t.co/T3hlVVTfSB‚Ä¶ https://t.co/e9ztbUeae0,132
@CBS,0.7959,Tue Oct 31 20:09:21 +0000 2017,0.608,0.0,0.392,Happy #Halloween! Grab your friends and watch Michael Jackson's Halloween tonight: https://t.co/T3hlVVTfSB‚Ä¶ https://t.co/Kg5bxNqwTp,133
@CBS,0.7574,Tue Oct 31 17:01:24 +0000 2017,0.533,0.071,0.396,Trick or treat. üéÉ Happy Halloween! Catch up on #MJHalloween now:  https://t.co/T3hlVVTfSB https://t.co/DMyE1q4scs,134
@CBS,0.6124,Tue Oct 31 17:00:06 +0000 2017,0.737,0.0,0.263,RT @swatcbs: Get ready for a thrill ride this Thursday with the series premiere of #SWAT. https://t.co/xz92zXp6kR,135
@CBS,0.6996,Tue Oct 31 14:00:01 +0000 2017,0.734,0.0,0.266,Join the fun with Jim Parsons as Hay Man in Michael Jackson's Halloween! Watch the full special:‚Ä¶ https://t.co/Y1FKFnRd0p,136
@CBS,0.0572,Mon Oct 30 22:44:05 +0000 2017,0.892,0.05,0.059,RT @SuperiorDonuts: You won't want to miss the #SuperiorDonuts Season 2 premiere tonight at its new time: 9/8c on CBS &amp; CBS All Access: htt‚Ä¶,137
@CBS,0.2732,Mon Oct 30 22:41:43 +0000 2017,0.89,0.0,0.11,RT @SuperiorDonuts: Should we blindfold @jermaineFOWLER and see how well he can guess the flavor of donuts? #SuperiorDonuts,138
@CBS,0.0,Mon Oct 30 20:00:52 +0000 2017,1.0,0.0,0.0,RT @swatcbs: Sometimes following the rules &amp; doing what's right isn't always the same thing. #SWAT premieres this Thursday at 10/9c on @CBS‚Ä¶,139
@CBS,0.0,Mon Oct 30 20:00:46 +0000 2017,1.0,0.0,0.0,RT @swatcbs: Start breaking down some doors in three days with the series premiere of #SWAT. https://t.co/X8OTd8OE9y,140
@CBS,0.0,Sat Nov 04 13:54:31 +0000 2017,1.0,0.0,0.0,Stream the South Carolina Gamecocks at Georgia Bulldogs LIVE today at 3:30PM ET! Try #CBSAllAccess FREE:‚Ä¶ https://t.co/f3nZLlh7Vv,141
@CBS,0.6166,Fri Nov 03 00:45:05 +0000 2017,0.776,0.0,0.224,Stream the season premiere of #LifeInPieces tonight at 9:30/8:30c with a FREE trial of #CBSAllAccess:‚Ä¶ https://t.co/FMHinKs6si,142
@CBS,0.0,Thu Nov 02 23:02:32 +0000 2017,1.0,0.0,0.0,RT @swatcbs: .@ShemarMoore takes command tonight on the series premiere of #SWAT at 10/9c on @CBS &amp; CBS All Access: https://t.co/ANyt4qF6iF‚Ä¶,143
@CBS,0.6514,Thu Nov 02 19:38:35 +0000 2017,0.797,0.0,0.203,It's almost time! Stream the series premiere of #SWAT tonight at 10/9c with a FREE trial of #CBSAllAccess:‚Ä¶ https://t.co/lpPKp9ayTJ,144
@CBS,0.6369,Thu Nov 02 17:38:03 +0000 2017,0.819,0.0,0.181,RT @CBSThisMorning: Listen to @IainLoveTheatre chat w/ @Mistahwax about making @YoungSheldonCBS his own + his love for Broadway &amp; magic: ht‚Ä¶,145
@CBS,0.6514,Thu Nov 02 16:47:35 +0000 2017,0.806,0.0,0.194,The ladies are back! Stream the season premiere of #Mom tonight at 9/8c with a FREE trial of #CBSAllAccess:‚Ä¶ https://t.co/y4vL5wMSEM,146
@CBS,0.0,Thu Nov 02 10:09:01 +0000 2017,1.0,0.0,0.0,"Buffalo viewers: Due to NFL, stream the CBS lineup on-demand at https://t.co/bbQB95EVxJ tonight. For more:‚Ä¶ https://t.co/u9U9P7Ggqq",147
@CBS,0.0,Thu Nov 02 10:08:01 +0000 2017,1.0,0.0,0.0,"NYC viewers ONLY: Due to NFL, tune in to WLNY for CBS Thursday night lineup, or stream on https://t.co/2XNQAg6gJ6 l‚Ä¶ https://t.co/LHJahNFRi3",148
@CBS,0.0,Thu Nov 02 00:24:36 +0000 2017,1.0,0.0,0.0,"Buffalo viewers ONLY: Due to NFL, stream CBS Thursday night lineup on-demand at https://t.co/bbQB95Wwph. For more:‚Ä¶ https://t.co/Fzpq2sTzqY",149
@CBS,0.0,Thu Nov 02 00:19:17 +0000 2017,1.0,0.0,0.0,"NYC viewers ONLY: Due to NFL, tune in to WLNY for CBS Thursday night lineup, or stream on https://t.co/2XNQAgnRAE l‚Ä¶ https://t.co/fnwck6n2uv",150
@CBS,0.0,Wed Nov 01 17:07:30 +0000 2017,1.0,0.0,0.0,"RT @ManWithAPlan: Hi-five, fans! #ManWithAPlan will premiere Monday, Nov. 13 at 8:30/7:30c on @CBS!üñêüèº https://t.co/njrMa5S6Qz",151
@CBS,0.8932,Wed Nov 01 00:56:34 +0000 2017,0.457,0.05,0.494,Ready to trick or treat! Celebrate tonight with Michael Jackson's Halloween special on CBS: https://t.co/T3hlVVTfSB‚Ä¶ https://t.co/e9ztbUeae0,152
@CBS,0.7959,Tue Oct 31 20:09:21 +0000 2017,0.608,0.0,0.392,Happy #Halloween! Grab your friends and watch Michael Jackson's Halloween tonight: https://t.co/T3hlVVTfSB‚Ä¶ https://t.co/Kg5bxNqwTp,153
@CBS,0.7574,Tue Oct 31 17:01:24 +0000 2017,0.533,0.071,0.396,Trick or treat. üéÉ Happy Halloween! Catch up on #MJHalloween now:  https://t.co/T3hlVVTfSB https://t.co/DMyE1q4scs,154
@CBS,0.6124,Tue Oct 31 17:00:06 +0000 2017,0.737,0.0,0.263,RT @swatcbs: Get ready for a thrill ride this Thursday with the series premiere of #SWAT. https://t.co/xz92zXp6kR,155
@CBS,0.6996,Tue Oct 31 14:00:01 +0000 2017,0.734,0.0,0.266,Join the fun with Jim Parsons as Hay Man in Michael Jackson's Halloween! Watch the full special:‚Ä¶ https://t.co/Y1FKFnRd0p,156
@CBS,0.0572,Mon Oct 30 22:44:05 +0000 2017,0.892,0.05,0.059,RT @SuperiorDonuts: You won't want to miss the #SuperiorDonuts Season 2 premiere tonight at its new time: 9/8c on CBS &amp; CBS All Access: htt‚Ä¶,157
@CBS,0.2732,Mon Oct 30 22:41:43 +0000 2017,0.89,0.0,0.11,RT @SuperiorDonuts: Should we blindfold @jermaineFOWLER and see how well he can guess the flavor of donuts? #SuperiorDonuts,158
@CBS,0.0,Mon Oct 30 20:00:52 +0000 2017,1.0,0.0,0.0,RT @swatcbs: Sometimes following the rules &amp; doing what's right isn't always the same thing. #SWAT premieres this Thursday at 10/9c on @CBS‚Ä¶,159
@CBS,0.0,Mon Oct 30 20:00:46 +0000 2017,1.0,0.0,0.0,RT @swatcbs: Start breaking down some doors in three days with the series premiere of #SWAT. https://t.co/X8OTd8OE9y,160
@CBS,0.0,Sat Nov 04 13:54:31 +0000 2017,1.0,0.0,0.0,Stream the South Carolina Gamecocks at Georgia Bulldogs LIVE today at 3:30PM ET! Try #CBSAllAccess FREE:‚Ä¶ https://t.co/f3nZLlh7Vv,161
@CBS,0.6166,Fri Nov 03 00:45:05 +0000 2017,0.776,0.0,0.224,Stream the season premiere of #LifeInPieces tonight at 9:30/8:30c with a FREE trial of #CBSAllAccess:‚Ä¶ https://t.co/FMHinKs6si,162
@CBS,0.0,Thu Nov 02 23:02:32 +0000 2017,1.0,0.0,0.0,RT @swatcbs: .@ShemarMoore takes command tonight on the series premiere of #SWAT at 10/9c on @CBS &amp; CBS All Access: https://t.co/ANyt4qF6iF‚Ä¶,163
@CBS,0.6514,Thu Nov 02 19:38:35 +0000 2017,0.797,0.0,0.203,It's almost time! Stream the series premiere of #SWAT tonight at 10/9c with a FREE trial of #CBSAllAccess:‚Ä¶ https://t.co/lpPKp9ayTJ,164
@CBS,0.6369,Thu Nov 02 17:38:03 +0000 2017,0.819,0.0,0.181,RT @CBSThisMorning: Listen to @IainLoveTheatre chat w/ @Mistahwax about making @YoungSheldonCBS his own + his love for Broadway &amp; magic: ht‚Ä¶,165
@CBS,0.6514,Thu Nov 02 16:47:35 +0000 2017,0.806,0.0,0.194,The ladies are back! Stream the season premiere of #Mom tonight at 9/8c with a FREE trial of #CBSAllAccess:‚Ä¶ https://t.co/y4vL5wMSEM,166
@CBS,0.0,Thu Nov 02 10:09:01 +0000 2017,1.0,0.0,0.0,"Buffalo viewers: Due to NFL, stream the CBS lineup on-demand at https://t.co/bbQB95EVxJ tonight. For more:‚Ä¶ https://t.co/u9U9P7Ggqq",167
@CBS,0.0,Thu Nov 02 10:08:01 +0000 2017,1.0,0.0,0.0,"NYC viewers ONLY: Due to NFL, tune in to WLNY for CBS Thursday night lineup, or stream on https://t.co/2XNQAg6gJ6 l‚Ä¶ https://t.co/LHJahNFRi3",168
@CBS,0.0,Thu Nov 02 00:24:36 +0000 2017,1.0,0.0,0.0,"Buffalo viewers ONLY: Due to NFL, stream CBS Thursday night lineup on-demand at https://t.co/bbQB95Wwph. For more:‚Ä¶ https://t.co/Fzpq2sTzqY",169
@CBS,0.0,Thu Nov 02 00:19:17 +0000 2017,1.0,0.0,0.0,"NYC viewers ONLY: Due to NFL, tune in to WLNY for CBS Thursday night lineup, or stream on https://t.co/2XNQAgnRAE l‚Ä¶ https://t.co/fnwck6n2uv",170
@CBS,0.0,Wed Nov 01 17:07:30 +0000 2017,1.0,0.0,0.0,"RT @ManWithAPlan: Hi-five, fans! #ManWithAPlan will premiere Monday, Nov. 13 at 8:30/7:30c on @CBS!üñêüèº https://t.co/njrMa5S6Qz",171
@CBS,0.8932,Wed Nov 01 00:56:34 +0000 2017,0.457,0.05,0.494,Ready to trick or treat! Celebrate tonight with Michael Jackson's Halloween special on CBS: https://t.co/T3hlVVTfSB‚Ä¶ https://t.co/e9ztbUeae0,172
@CBS,0.7959,Tue Oct 31 20:09:21 +0000 2017,0.608,0.0,0.392,Happy #Halloween! Grab your friends and watch Michael Jackson's Halloween tonight: https://t.co/T3hlVVTfSB‚Ä¶ https://t.co/Kg5bxNqwTp,173
@CBS,0.7574,Tue Oct 31 17:01:24 +0000 2017,0.533,0.071,0.396,Trick or treat. üéÉ Happy Halloween! Catch up on #MJHalloween now:  https://t.co/T3hlVVTfSB https://t.co/DMyE1q4scs,174
@CBS,0.6124,Tue Oct 31 17:00:06 +0000 2017,0.737,0.0,0.263,RT @swatcbs: Get ready for a thrill ride this Thursday with the series premiere of #SWAT. https://t.co/xz92zXp6kR,175
@CBS,0.6996,Tue Oct 31 14:00:01 +0000 2017,0.734,0.0,0.266,Join the fun with Jim Parsons as Hay Man in Michael Jackson's Halloween! Watch the full special:‚Ä¶ https://t.co/Y1FKFnRd0p,176
@CBS,0.0572,Mon Oct 30 22:44:05 +0000 2017,0.892,0.05,0.059,RT @SuperiorDonuts: You won't want to miss the #SuperiorDonuts Season 2 premiere tonight at its new time: 9/8c on CBS &amp; CBS All Access: htt‚Ä¶,177
@CBS,0.2732,Mon Oct 30 22:41:43 +0000 2017,0.89,0.0,0.11,RT @SuperiorDonuts: Should we blindfold @jermaineFOWLER and see how well he can guess the flavor of donuts? #SuperiorDonuts,178
@CBS,0.0,Mon Oct 30 20:00:52 +0000 2017,1.0,0.0,0.0,RT @swatcbs: Sometimes following the rules &amp; doing what's right isn't always the same thing. #SWAT premieres this Thursday at 10/9c on @CBS‚Ä¶,179
@CBS,0.0,Mon Oct 30 20:00:46 +0000 2017,1.0,0.0,0.0,RT @swatcbs: Start breaking down some doors in three days with the series premiere of #SWAT. https://t.co/X8OTd8OE9y,180
@CBS,0.0,Sat Nov 04 13:54:31 +0000 2017,1.0,0.0,0.0,Stream the South Carolina Gamecocks at Georgia Bulldogs LIVE today at 3:30PM ET! Try #CBSAllAccess FREE:‚Ä¶ https://t.co/f3nZLlh7Vv,181
@CBS,0.6166,Fri Nov 03 00:45:05 +0000 2017,0.776,0.0,0.224,Stream the season premiere of #LifeInPieces tonight at 9:30/8:30c with a FREE trial of #CBSAllAccess:‚Ä¶ https://t.co/FMHinKs6si,182
@CBS,0.0,Thu Nov 02 23:02:32 +0000 2017,1.0,0.0,0.0,RT @swatcbs: .@ShemarMoore takes command tonight on the series premiere of #SWAT at 10/9c on @CBS &amp; CBS All Access: https://t.co/ANyt4qF6iF‚Ä¶,183
@CBS,0.6514,Thu Nov 02 19:38:35 +0000 2017,0.797,0.0,0.203,It's almost time! Stream the series premiere of #SWAT tonight at 10/9c with a FREE trial of #CBSAllAccess:‚Ä¶ https://t.co/lpPKp9ayTJ,184
@CBS,0.6369,Thu Nov 02 17:38:03 +0000 2017,0.819,0.0,0.181,RT @CBSThisMorning: Listen to @IainLoveTheatre chat w/ @Mistahwax about making @YoungSheldonCBS his own + his love for Broadway &amp; magic: ht‚Ä¶,185
@CBS,0.6514,Thu Nov 02 16:47:35 +0000 2017,0.806,0.0,0.194,The ladies are back! Stream the season premiere of #Mom tonight at 9/8c with a FREE trial of #CBSAllAccess:‚Ä¶ https://t.co/y4vL5wMSEM,186
@CBS,0.0,Thu Nov 02 10:09:01 +0000 2017,1.0,0.0,0.0,"Buffalo viewers: Due to NFL, stream the CBS lineup on-demand at https://t.co/bbQB95EVxJ tonight. For more:‚Ä¶ https://t.co/u9U9P7Ggqq",187
@CBS,0.0,Thu Nov 02 10:08:01 +0000 2017,1.0,0.0,0.0,"NYC viewers ONLY: Due to NFL, tune in to WLNY for CBS Thursday night lineup, or stream on https://t.co/2XNQAg6gJ6 l‚Ä¶ https://t.co/LHJahNFRi3",188
@CBS,0.0,Thu Nov 02 00:24:36 +0000 2017,1.0,0.0,0.0,"Buffalo viewers ONLY: Due to NFL, stream CBS Thursday night lineup on-demand at https://t.co/bbQB95Wwph. For more:‚Ä¶ https://t.co/Fzpq2sTzqY",189
@CBS,0.0,Thu Nov 02 00:19:17 +0000 2017,1.0,0.0,0.0,"NYC viewers ONLY: Due to NFL, tune in to WLNY for CBS Thursday night lineup, or stream on https://t.co/2XNQAgnRAE l‚Ä¶ https://t.co/fnwck6n2uv",190
@CBS,0.0,Wed Nov 01 17:07:30 +0000 2017,1.0,0.0,0.0,"RT @ManWithAPlan: Hi-five, fans! #ManWithAPlan will premiere Monday, Nov. 13 at 8:30/7:30c on @CBS!üñêüèº https://t.co/njrMa5S6Qz",191
@CBS,0.8932,Wed Nov 01 00:56:34 +0000 2017,0.457,0.05,0.494,Ready to trick or treat! Celebrate tonight with Michael Jackson's Halloween special on CBS: https://t.co/T3hlVVTfSB‚Ä¶ https://t.co/e9ztbUeae0,192
@CBS,0.7959,Tue Oct 31 20:09:21 +0000 2017,0.608,0.0,0.392,Happy #Halloween! Grab your friends and watch Michael Jackson's Halloween tonight: https://t.co/T3hlVVTfSB‚Ä¶ https://t.co/Kg5bxNqwTp,193
@CBS,0.7574,Tue Oct 31 17:01:24 +0000 2017,0.533,0.071,0.396,Trick or treat. üéÉ Happy Halloween! Catch up on #MJHalloween now:  https://t.co/T3hlVVTfSB https://t.co/DMyE1q4scs,194
@CBS,0.6124,Tue Oct 31 17:00:06 +0000 2017,0.737,0.0,0.263,RT @swatcbs: Get ready for a thrill ride this Thursday with the series premiere of #SWAT. https://t.co/xz92zXp6kR,195
@CBS,0.6996,Tue Oct 31 14:00:01 +0000 2017,0.734,0.0,0.266,Join the fun with Jim Parsons as Hay Man in Michael Jackson's Halloween! Watch the full special:‚Ä¶ https://t.co/Y1FKFnRd0p,196
@CBS,0.0572,Mon Oct 30 22:44:05 +0000 2017,0.892,0.05,0.059,RT @SuperiorDonuts: You won't want to miss the #SuperiorDonuts Season 2 premiere tonight at its new time: 9/8c on CBS &amp; CBS All Access: htt‚Ä¶,197
@CBS,0.2732,Mon Oct 30 22:41:43 +0000 2017,0.89,0.0,0.11,RT @SuperiorDonuts: Should we blindfold @jermaineFOWLER and see how well he can guess the flavor of donuts? #SuperiorDonuts,198
@CBS,0.0,Mon Oct 30 20:00:52 +0000 2017,1.0,0.0,0.0,RT @swatcbs: Sometimes following the rules &amp; doing what's right isn't always the same thing. #SWAT premieres this Thursday at 10/9c on @CBS‚Ä¶,199
@CBS,0.0,Mon Oct 30 20:00:46 +0000 2017,1.0,0.0,0.0,RT @swatcbs: Start breaking down some doors in three days with the series premiere of #SWAT. https://t.co/X8OTd8OE9y,200
@CNN,0.0,Sat Nov 04 15:41:43 +0000 2017,1.0,0.0,0.0,Newly released batch of JFK files includes a secret FBI analysis that portrayed Martin Luther King Jr. negatively‚Ä¶ https://t.co/mXdHzrCYIZ,201
@CNN,-0.5499,Sat Nov 04 15:22:50 +0000 2017,0.754,0.246,0.0,"The Las Vegas shooter had money troubles prior to the attack, but his motive is still unclear, sheriff says‚Ä¶ https://t.co/9gFB44vtEk",202
@CNN,0.34,Sat Nov 04 15:11:34 +0000 2017,0.854,0.0,0.146,Heightened security is being put in place for Sunday's New York City Marathon https://t.co/VRuvf1eGzQ https://t.co/2DbgCxgYF2,203
@CNN,0.0,Sat Nov 04 15:00:14 +0000 2017,1.0,0.0,0.0,"H.W. Bush on Trump: ‚ÄúHe‚Äôs a blowhard‚Äù

George W. Bush on Trump ‚ÄúThis guy doesn‚Äôt know what it means to be president‚Ä¶ https://t.co/V6KSSzShjL",204
@CNN,0.0772,Sat Nov 04 14:50:06 +0000 2017,0.4,0.309,0.291,Argentine men who survived the NYC terror attack call for love and justice as they mourn the loss of five friends‚Ä¶ https://t.co/rRkxd0us4E,205
@CNN,0.0,Sat Nov 04 14:46:11 +0000 2017,1.0,0.0,0.0,üò±  It's 14 stories high &amp; the birthplace of the first commercial bungee jump. #TheWonderList with @BillWeirCNN gets‚Ä¶ https://t.co/sXQM5gkN8K,206
@CNN,0.3818,Sat Nov 04 14:40:02 +0000 2017,0.822,0.0,0.178,"Focused on North Korea, President Trump begins high-stakes Asian diplomacy tour https://t.co/UJbFIsxf73 https://t.co/2CFi37Nt1R",207
@CNN,0.5719,Sat Nov 04 14:29:09 +0000 2017,0.778,0.0,0.222,Could Bernie Sanders have won a primary that wasn't 'rigged'? | Analysis by @zbyronwolf¬†https://t.co/nQnudkwGVk https://t.co/VoW1nG3ebh,208
@CNN,0.0,Sat Nov 04 14:14:12 +0000 2017,1.0,0.0,0.0,Iran commemorated the 38th anniversary of the US Embassy takeover Saturday with a potent display of a missile‚Ä¶ https://t.co/zJOBRNj5lL,209
@CNN,-0.8316,Sat Nov 04 14:01:11 +0000 2017,0.532,0.468,0.0,These are the victims of the New York City terror attack https://t.co/wDdmRBEOvr https://t.co/c9fwOuqQdU,210
@CNN,0.5994,Sat Nov 04 13:31:19 +0000 2017,0.804,0.0,0.196,Nintendo has released its redesign for Super Mario. Here's a look at how a gaming icon is re-invented.‚Ä¶ https://t.co/1MSVxZySme,211
@CNN,-0.8074,Sat Nov 04 13:23:16 +0000 2017,0.518,0.375,0.107,"The Argentine men who survived the NY terror attack plead for ""love"" and ""justice"" as they mourn loss of 5 friends‚Ä¶ https://t.co/LlGHUevSF3",212
@CNN,0.296,Sat Nov 04 13:01:08 +0000 2017,0.879,0.0,0.121,School buses with WiFi are helping children connect to the internet and bridge the technology divide‚Ä¶ https://t.co/mg5AD3G3kO,213
@CNN,0.0,Sat Nov 04 12:44:20 +0000 2017,1.0,0.0,0.0,"George H.W. Bush calls President Trump a ""blowhard"" in his new book https://t.co/SwSnr8S4oZ https://t.co/1slS9pcScY",214
@CNN,-0.6597,Sat Nov 04 12:31:06 +0000 2017,0.784,0.216,0.0,"A biologic mechanism in yeast cells may explain the relationship between sugar and cancer, a new study suggests‚Ä¶ https://t.co/v82CerMx1t",215
@CNN,0.0,Sat Nov 04 12:01:08 +0000 2017,1.0,0.0,0.0,"Skyrocketing sales of Lego's ""Women of NASA"" set landed it atop list of Amazon's best-selling toys in just 24 hours‚Ä¶ https://t.co/qPORNcO4Xl",216
@CNN,0.0,Sat Nov 04 11:31:34 +0000 2017,1.0,0.0,0.0,"Carbon dioxide levels in the atmosphere hit record high in 2016, a World Meteorological Organization report says‚Ä¶ https://t.co/wHXvyWzSvN",217
@CNN,-0.5574,Sat Nov 04 11:01:07 +0000 2017,0.739,0.261,0.0,"A month after the Las Vegas shooting, there's still no bump fire stock regulation https://t.co/jVJceHqECm https://t.co/FqmXcl9Fyr",218
@CNN,-0.0258,Sat Nov 04 10:01:07 +0000 2017,0.723,0.14,0.136,"Former DNC chair torches Clinton in new book, alleging unethical agreement was signed between the campaign and DNC‚Ä¶ https://t.co/ytV7opz9DX",219
@CNN,0.0,Sat Nov 04 09:31:07 +0000 2017,1.0,0.0,0.0,"Men and women who use marijuana regularly have more sex than those who don't, a new study shows‚Ä¶ https://t.co/u6a9dFwd3A",220
@CNN,0.0,Sat Nov 04 15:41:43 +0000 2017,1.0,0.0,0.0,Newly released batch of JFK files includes a secret FBI analysis that portrayed Martin Luther King Jr. negatively‚Ä¶ https://t.co/mXdHzrCYIZ,221
@CNN,-0.5499,Sat Nov 04 15:22:50 +0000 2017,0.754,0.246,0.0,"The Las Vegas shooter had money troubles prior to the attack, but his motive is still unclear, sheriff says‚Ä¶ https://t.co/9gFB44vtEk",222
@CNN,0.34,Sat Nov 04 15:11:34 +0000 2017,0.854,0.0,0.146,Heightened security is being put in place for Sunday's New York City Marathon https://t.co/VRuvf1eGzQ https://t.co/2DbgCxgYF2,223
@CNN,0.0,Sat Nov 04 15:00:14 +0000 2017,1.0,0.0,0.0,"H.W. Bush on Trump: ‚ÄúHe‚Äôs a blowhard‚Äù

George W. Bush on Trump ‚ÄúThis guy doesn‚Äôt know what it means to be president‚Ä¶ https://t.co/V6KSSzShjL",224
@CNN,0.0772,Sat Nov 04 14:50:06 +0000 2017,0.4,0.309,0.291,Argentine men who survived the NYC terror attack call for love and justice as they mourn the loss of five friends‚Ä¶ https://t.co/rRkxd0us4E,225
@CNN,0.0,Sat Nov 04 14:46:11 +0000 2017,1.0,0.0,0.0,üò±  It's 14 stories high &amp; the birthplace of the first commercial bungee jump. #TheWonderList with @BillWeirCNN gets‚Ä¶ https://t.co/sXQM5gkN8K,226
@CNN,0.3818,Sat Nov 04 14:40:02 +0000 2017,0.822,0.0,0.178,"Focused on North Korea, President Trump begins high-stakes Asian diplomacy tour https://t.co/UJbFIsxf73 https://t.co/2CFi37Nt1R",227
@CNN,0.5719,Sat Nov 04 14:29:09 +0000 2017,0.778,0.0,0.222,Could Bernie Sanders have won a primary that wasn't 'rigged'? | Analysis by @zbyronwolf¬†https://t.co/nQnudkwGVk https://t.co/VoW1nG3ebh,228
@CNN,0.0,Sat Nov 04 14:14:12 +0000 2017,1.0,0.0,0.0,Iran commemorated the 38th anniversary of the US Embassy takeover Saturday with a potent display of a missile‚Ä¶ https://t.co/zJOBRNj5lL,229
@CNN,-0.8316,Sat Nov 04 14:01:11 +0000 2017,0.532,0.468,0.0,These are the victims of the New York City terror attack https://t.co/wDdmRBEOvr https://t.co/c9fwOuqQdU,230
@CNN,0.5994,Sat Nov 04 13:31:19 +0000 2017,0.804,0.0,0.196,Nintendo has released its redesign for Super Mario. Here's a look at how a gaming icon is re-invented.‚Ä¶ https://t.co/1MSVxZySme,231
@CNN,-0.8074,Sat Nov 04 13:23:16 +0000 2017,0.518,0.375,0.107,"The Argentine men who survived the NY terror attack plead for ""love"" and ""justice"" as they mourn loss of 5 friends‚Ä¶ https://t.co/LlGHUevSF3",232
@CNN,0.296,Sat Nov 04 13:01:08 +0000 2017,0.879,0.0,0.121,School buses with WiFi are helping children connect to the internet and bridge the technology divide‚Ä¶ https://t.co/mg5AD3G3kO,233
@CNN,0.0,Sat Nov 04 12:44:20 +0000 2017,1.0,0.0,0.0,"George H.W. Bush calls President Trump a ""blowhard"" in his new book https://t.co/SwSnr8S4oZ https://t.co/1slS9pcScY",234
@CNN,-0.6597,Sat Nov 04 12:31:06 +0000 2017,0.784,0.216,0.0,"A biologic mechanism in yeast cells may explain the relationship between sugar and cancer, a new study suggests‚Ä¶ https://t.co/v82CerMx1t",235
@CNN,0.0,Sat Nov 04 12:01:08 +0000 2017,1.0,0.0,0.0,"Skyrocketing sales of Lego's ""Women of NASA"" set landed it atop list of Amazon's best-selling toys in just 24 hours‚Ä¶ https://t.co/qPORNcO4Xl",236
@CNN,0.0,Sat Nov 04 11:31:34 +0000 2017,1.0,0.0,0.0,"Carbon dioxide levels in the atmosphere hit record high in 2016, a World Meteorological Organization report says‚Ä¶ https://t.co/wHXvyWzSvN",237
@CNN,-0.5574,Sat Nov 04 11:01:07 +0000 2017,0.739,0.261,0.0,"A month after the Las Vegas shooting, there's still no bump fire stock regulation https://t.co/jVJceHqECm https://t.co/FqmXcl9Fyr",238
@CNN,-0.0258,Sat Nov 04 10:01:07 +0000 2017,0.723,0.14,0.136,"Former DNC chair torches Clinton in new book, alleging unethical agreement was signed between the campaign and DNC‚Ä¶ https://t.co/ytV7opz9DX",239
@CNN,0.0,Sat Nov 04 09:31:07 +0000 2017,1.0,0.0,0.0,"Men and women who use marijuana regularly have more sex than those who don't, a new study shows‚Ä¶ https://t.co/u6a9dFwd3A",240
@CNN,0.0,Sat Nov 04 15:41:43 +0000 2017,1.0,0.0,0.0,Newly released batch of JFK files includes a secret FBI analysis that portrayed Martin Luther King Jr. negatively‚Ä¶ https://t.co/mXdHzrCYIZ,241
@CNN,-0.5499,Sat Nov 04 15:22:50 +0000 2017,0.754,0.246,0.0,"The Las Vegas shooter had money troubles prior to the attack, but his motive is still unclear, sheriff says‚Ä¶ https://t.co/9gFB44vtEk",242
@CNN,0.34,Sat Nov 04 15:11:34 +0000 2017,0.854,0.0,0.146,Heightened security is being put in place for Sunday's New York City Marathon https://t.co/VRuvf1eGzQ https://t.co/2DbgCxgYF2,243
@CNN,0.0,Sat Nov 04 15:00:14 +0000 2017,1.0,0.0,0.0,"H.W. Bush on Trump: ‚ÄúHe‚Äôs a blowhard‚Äù

George W. Bush on Trump ‚ÄúThis guy doesn‚Äôt know what it means to be president‚Ä¶ https://t.co/V6KSSzShjL",244
@CNN,0.0772,Sat Nov 04 14:50:06 +0000 2017,0.4,0.309,0.291,Argentine men who survived the NYC terror attack call for love and justice as they mourn the loss of five friends‚Ä¶ https://t.co/rRkxd0us4E,245
@CNN,0.0,Sat Nov 04 14:46:11 +0000 2017,1.0,0.0,0.0,üò±  It's 14 stories high &amp; the birthplace of the first commercial bungee jump. #TheWonderList with @BillWeirCNN gets‚Ä¶ https://t.co/sXQM5gkN8K,246
@CNN,0.3818,Sat Nov 04 14:40:02 +0000 2017,0.822,0.0,0.178,"Focused on North Korea, President Trump begins high-stakes Asian diplomacy tour https://t.co/UJbFIsxf73 https://t.co/2CFi37Nt1R",247
@CNN,0.5719,Sat Nov 04 14:29:09 +0000 2017,0.778,0.0,0.222,Could Bernie Sanders have won a primary that wasn't 'rigged'? | Analysis by @zbyronwolf¬†https://t.co/nQnudkwGVk https://t.co/VoW1nG3ebh,248
@CNN,0.0,Sat Nov 04 14:14:12 +0000 2017,1.0,0.0,0.0,Iran commemorated the 38th anniversary of the US Embassy takeover Saturday with a potent display of a missile‚Ä¶ https://t.co/zJOBRNj5lL,249
@CNN,-0.8316,Sat Nov 04 14:01:11 +0000 2017,0.532,0.468,0.0,These are the victims of the New York City terror attack https://t.co/wDdmRBEOvr https://t.co/c9fwOuqQdU,250
@CNN,0.5994,Sat Nov 04 13:31:19 +0000 2017,0.804,0.0,0.196,Nintendo has released its redesign for Super Mario. Here's a look at how a gaming icon is re-invented.‚Ä¶ https://t.co/1MSVxZySme,251
@CNN,-0.8074,Sat Nov 04 13:23:16 +0000 2017,0.518,0.375,0.107,"The Argentine men who survived the NY terror attack plead for ""love"" and ""justice"" as they mourn loss of 5 friends‚Ä¶ https://t.co/LlGHUevSF3",252
@CNN,0.296,Sat Nov 04 13:01:08 +0000 2017,0.879,0.0,0.121,School buses with WiFi are helping children connect to the internet and bridge the technology divide‚Ä¶ https://t.co/mg5AD3G3kO,253
@CNN,0.0,Sat Nov 04 12:44:20 +0000 2017,1.0,0.0,0.0,"George H.W. Bush calls President Trump a ""blowhard"" in his new book https://t.co/SwSnr8S4oZ https://t.co/1slS9pcScY",254
@CNN,-0.6597,Sat Nov 04 12:31:06 +0000 2017,0.784,0.216,0.0,"A biologic mechanism in yeast cells may explain the relationship between sugar and cancer, a new study suggests‚Ä¶ https://t.co/v82CerMx1t",255
@CNN,0.0,Sat Nov 04 12:01:08 +0000 2017,1.0,0.0,0.0,"Skyrocketing sales of Lego's ""Women of NASA"" set landed it atop list of Amazon's best-selling toys in just 24 hours‚Ä¶ https://t.co/qPORNcO4Xl",256
@CNN,0.0,Sat Nov 04 11:31:34 +0000 2017,1.0,0.0,0.0,"Carbon dioxide levels in the atmosphere hit record high in 2016, a World Meteorological Organization report says‚Ä¶ https://t.co/wHXvyWzSvN",257
@CNN,-0.5574,Sat Nov 04 11:01:07 +0000 2017,0.739,0.261,0.0,"A month after the Las Vegas shooting, there's still no bump fire stock regulation https://t.co/jVJceHqECm https://t.co/FqmXcl9Fyr",258
@CNN,-0.0258,Sat Nov 04 10:01:07 +0000 2017,0.723,0.14,0.136,"Former DNC chair torches Clinton in new book, alleging unethical agreement was signed between the campaign and DNC‚Ä¶ https://t.co/ytV7opz9DX",259
@CNN,0.0,Sat Nov 04 09:31:07 +0000 2017,1.0,0.0,0.0,"Men and women who use marijuana regularly have more sex than those who don't, a new study shows‚Ä¶ https://t.co/u6a9dFwd3A",260
@CNN,0.0,Sat Nov 04 15:41:43 +0000 2017,1.0,0.0,0.0,Newly released batch of JFK files includes a secret FBI analysis that portrayed Martin Luther King Jr. negatively‚Ä¶ https://t.co/mXdHzrCYIZ,261
@CNN,-0.5499,Sat Nov 04 15:22:50 +0000 2017,0.754,0.246,0.0,"The Las Vegas shooter had money troubles prior to the attack, but his motive is still unclear, sheriff says‚Ä¶ https://t.co/9gFB44vtEk",262
@CNN,0.34,Sat Nov 04 15:11:34 +0000 2017,0.854,0.0,0.146,Heightened security is being put in place for Sunday's New York City Marathon https://t.co/VRuvf1eGzQ https://t.co/2DbgCxgYF2,263
@CNN,0.0,Sat Nov 04 15:00:14 +0000 2017,1.0,0.0,0.0,"H.W. Bush on Trump: ‚ÄúHe‚Äôs a blowhard‚Äù

George W. Bush on Trump ‚ÄúThis guy doesn‚Äôt know what it means to be president‚Ä¶ https://t.co/V6KSSzShjL",264
@CNN,0.0772,Sat Nov 04 14:50:06 +0000 2017,0.4,0.309,0.291,Argentine men who survived the NYC terror attack call for love and justice as they mourn the loss of five friends‚Ä¶ https://t.co/rRkxd0us4E,265
@CNN,0.0,Sat Nov 04 14:46:11 +0000 2017,1.0,0.0,0.0,üò±  It's 14 stories high &amp; the birthplace of the first commercial bungee jump. #TheWonderList with @BillWeirCNN gets‚Ä¶ https://t.co/sXQM5gkN8K,266
@CNN,0.3818,Sat Nov 04 14:40:02 +0000 2017,0.822,0.0,0.178,"Focused on North Korea, President Trump begins high-stakes Asian diplomacy tour https://t.co/UJbFIsxf73 https://t.co/2CFi37Nt1R",267
@CNN,0.5719,Sat Nov 04 14:29:09 +0000 2017,0.778,0.0,0.222,Could Bernie Sanders have won a primary that wasn't 'rigged'? | Analysis by @zbyronwolf¬†https://t.co/nQnudkwGVk https://t.co/VoW1nG3ebh,268
@CNN,0.0,Sat Nov 04 14:14:12 +0000 2017,1.0,0.0,0.0,Iran commemorated the 38th anniversary of the US Embassy takeover Saturday with a potent display of a missile‚Ä¶ https://t.co/zJOBRNj5lL,269
@CNN,-0.8316,Sat Nov 04 14:01:11 +0000 2017,0.532,0.468,0.0,These are the victims of the New York City terror attack https://t.co/wDdmRBEOvr https://t.co/c9fwOuqQdU,270
@CNN,0.5994,Sat Nov 04 13:31:19 +0000 2017,0.804,0.0,0.196,Nintendo has released its redesign for Super Mario. Here's a look at how a gaming icon is re-invented.‚Ä¶ https://t.co/1MSVxZySme,271
@CNN,-0.8074,Sat Nov 04 13:23:16 +0000 2017,0.518,0.375,0.107,"The Argentine men who survived the NY terror attack plead for ""love"" and ""justice"" as they mourn loss of 5 friends‚Ä¶ https://t.co/LlGHUevSF3",272
@CNN,0.296,Sat Nov 04 13:01:08 +0000 2017,0.879,0.0,0.121,School buses with WiFi are helping children connect to the internet and bridge the technology divide‚Ä¶ https://t.co/mg5AD3G3kO,273
@CNN,0.0,Sat Nov 04 12:44:20 +0000 2017,1.0,0.0,0.0,"George H.W. Bush calls President Trump a ""blowhard"" in his new book https://t.co/SwSnr8S4oZ https://t.co/1slS9pcScY",274
@CNN,-0.6597,Sat Nov 04 12:31:06 +0000 2017,0.784,0.216,0.0,"A biologic mechanism in yeast cells may explain the relationship between sugar and cancer, a new study suggests‚Ä¶ https://t.co/v82CerMx1t",275
@CNN,0.0,Sat Nov 04 12:01:08 +0000 2017,1.0,0.0,0.0,"Skyrocketing sales of Lego's ""Women of NASA"" set landed it atop list of Amazon's best-selling toys in just 24 hours‚Ä¶ https://t.co/qPORNcO4Xl",276
@CNN,0.0,Sat Nov 04 11:31:34 +0000 2017,1.0,0.0,0.0,"Carbon dioxide levels in the atmosphere hit record high in 2016, a World Meteorological Organization report says‚Ä¶ https://t.co/wHXvyWzSvN",277
@CNN,-0.5574,Sat Nov 04 11:01:07 +0000 2017,0.739,0.261,0.0,"A month after the Las Vegas shooting, there's still no bump fire stock regulation https://t.co/jVJceHqECm https://t.co/FqmXcl9Fyr",278
@CNN,-0.0258,Sat Nov 04 10:01:07 +0000 2017,0.723,0.14,0.136,"Former DNC chair torches Clinton in new book, alleging unethical agreement was signed between the campaign and DNC‚Ä¶ https://t.co/ytV7opz9DX",279
@CNN,0.0,Sat Nov 04 09:31:07 +0000 2017,1.0,0.0,0.0,"Men and women who use marijuana regularly have more sex than those who don't, a new study shows‚Ä¶ https://t.co/u6a9dFwd3A",280
@CNN,0.0,Sat Nov 04 15:41:43 +0000 2017,1.0,0.0,0.0,Newly released batch of JFK files includes a secret FBI analysis that portrayed Martin Luther King Jr. negatively‚Ä¶ https://t.co/mXdHzrCYIZ,281
@CNN,-0.5499,Sat Nov 04 15:22:50 +0000 2017,0.754,0.246,0.0,"The Las Vegas shooter had money troubles prior to the attack, but his motive is still unclear, sheriff says‚Ä¶ https://t.co/9gFB44vtEk",282
@CNN,0.34,Sat Nov 04 15:11:34 +0000 2017,0.854,0.0,0.146,Heightened security is being put in place for Sunday's New York City Marathon https://t.co/VRuvf1eGzQ https://t.co/2DbgCxgYF2,283
@CNN,0.0,Sat Nov 04 15:00:14 +0000 2017,1.0,0.0,0.0,"H.W. Bush on Trump: ‚ÄúHe‚Äôs a blowhard‚Äù

George W. Bush on Trump ‚ÄúThis guy doesn‚Äôt know what it means to be president‚Ä¶ https://t.co/V6KSSzShjL",284
@CNN,0.0772,Sat Nov 04 14:50:06 +0000 2017,0.4,0.309,0.291,Argentine men who survived the NYC terror attack call for love and justice as they mourn the loss of five friends‚Ä¶ https://t.co/rRkxd0us4E,285
@CNN,0.0,Sat Nov 04 14:46:11 +0000 2017,1.0,0.0,0.0,üò±  It's 14 stories high &amp; the birthplace of the first commercial bungee jump. #TheWonderList with @BillWeirCNN gets‚Ä¶ https://t.co/sXQM5gkN8K,286
@CNN,0.3818,Sat Nov 04 14:40:02 +0000 2017,0.822,0.0,0.178,"Focused on North Korea, President Trump begins high-stakes Asian diplomacy tour https://t.co/UJbFIsxf73 https://t.co/2CFi37Nt1R",287
@CNN,0.5719,Sat Nov 04 14:29:09 +0000 2017,0.778,0.0,0.222,Could Bernie Sanders have won a primary that wasn't 'rigged'? | Analysis by @zbyronwolf¬†https://t.co/nQnudkwGVk https://t.co/VoW1nG3ebh,288
@CNN,0.0,Sat Nov 04 14:14:12 +0000 2017,1.0,0.0,0.0,Iran commemorated the 38th anniversary of the US Embassy takeover Saturday with a potent display of a missile‚Ä¶ https://t.co/zJOBRNj5lL,289
@CNN,-0.8316,Sat Nov 04 14:01:11 +0000 2017,0.532,0.468,0.0,These are the victims of the New York City terror attack https://t.co/wDdmRBEOvr https://t.co/c9fwOuqQdU,290
@CNN,0.5994,Sat Nov 04 13:31:19 +0000 2017,0.804,0.0,0.196,Nintendo has released its redesign for Super Mario. Here's a look at how a gaming icon is re-invented.‚Ä¶ https://t.co/1MSVxZySme,291
@CNN,-0.8074,Sat Nov 04 13:23:16 +0000 2017,0.518,0.375,0.107,"The Argentine men who survived the NY terror attack plead for ""love"" and ""justice"" as they mourn loss of 5 friends‚Ä¶ https://t.co/LlGHUevSF3",292
@CNN,0.296,Sat Nov 04 13:01:08 +0000 2017,0.879,0.0,0.121,School buses with WiFi are helping children connect to the internet and bridge the technology divide‚Ä¶ https://t.co/mg5AD3G3kO,293
@CNN,0.0,Sat Nov 04 12:44:20 +0000 2017,1.0,0.0,0.0,"George H.W. Bush calls President Trump a ""blowhard"" in his new book https://t.co/SwSnr8S4oZ https://t.co/1slS9pcScY",294
@CNN,-0.6597,Sat Nov 04 12:31:06 +0000 2017,0.784,0.216,0.0,"A biologic mechanism in yeast cells may explain the relationship between sugar and cancer, a new study suggests‚Ä¶ https://t.co/v82CerMx1t",295
@CNN,0.0,Sat Nov 04 12:01:08 +0000 2017,1.0,0.0,0.0,"Skyrocketing sales of Lego's ""Women of NASA"" set landed it atop list of Amazon's best-selling toys in just 24 hours‚Ä¶ https://t.co/qPORNcO4Xl",296
@CNN,0.0,Sat Nov 04 11:31:34 +0000 2017,1.0,0.0,0.0,"Carbon dioxide levels in the atmosphere hit record high in 2016, a World Meteorological Organization report says‚Ä¶ https://t.co/wHXvyWzSvN",297
@CNN,-0.5574,Sat Nov 04 11:01:07 +0000 2017,0.739,0.261,0.0,"A month after the Las Vegas shooting, there's still no bump fire stock regulation https://t.co/jVJceHqECm https://t.co/FqmXcl9Fyr",298
@CNN,-0.0258,Sat Nov 04 10:01:07 +0000 2017,0.723,0.14,0.136,"Former DNC chair torches Clinton in new book, alleging unethical agreement was signed between the campaign and DNC‚Ä¶ https://t.co/ytV7opz9DX",299
@CNN,0.0,Sat Nov 04 09:31:07 +0000 2017,1.0,0.0,0.0,"Men and women who use marijuana regularly have more sex than those who don't, a new study shows‚Ä¶ https://t.co/u6a9dFwd3A",300
@FoxNews,0.2732,Sat Nov 04 15:45:03 +0000 2017,0.798,0.075,0.127,".@gen_jackkeane on Bergdahl sentencing: ""The military judge in this case - he clearly, in my judgment, made just a‚Ä¶ https://t.co/ouxGSXk3RH",301
@FoxNews,-0.0572,Sat Nov 04 15:41:49 +0000 2017,0.933,0.067,0.0,".@mchooyah: ""[The Obama Administration] didn't want to talk about the relationship between the Iranians and Al Qaed‚Ä¶ https://t.co/KuMeHQLZhP",302
@FoxNews,0.0,Sat Nov 04 15:39:21 +0000 2017,1.0,0.0,0.0,".@mchooyah on Bowe Bergdahl: ""The bare minimum should've been 17 years and a dishonorable discharge."" https://t.co/DURJOIbGGc",303
@FoxNews,0.0772,Sat Nov 04 15:33:06 +0000 2017,0.909,0.0,0.091,".@Jehmu: ""I want to buy that rogue [Twitter] employee a beer, on me."" #BullsandBears https://t.co/Y9zyh2HLkT",304
@FoxNews,0.0,Sat Nov 04 15:26:57 +0000 2017,1.0,0.0,0.0,".@realamymholmes: ""We're learning that Google and their algorithm might be pushing down conservative results on sea‚Ä¶ https://t.co/C8H4wW8J17",305
@FoxNews,0.0,Sat Nov 04 15:20:33 +0000 2017,1.0,0.0,0.0,.@GeorgeHWBush calls @POTUS a 'blowhard' in new book https://t.co/78NrX4KDLn https://t.co/fuOTdfOcAY,306
@FoxNews,-0.8442,Sat Nov 04 15:18:18 +0000 2017,0.633,0.367,0.0,".@AmbJohnBolton: ""Asia itself faces an increasing terrorist threat in Indonesia, in the Philippines, and elsewhere.‚Ä¶ https://t.co/LGvu4txAPW",307
@FoxNews,0.0,Sat Nov 04 15:18:05 +0000 2017,1.0,0.0,0.0,"TOMORROW on @FoxNewsSunday, Chris Wallace speaks exclusively to @SpeakerRyan - Tune in at 2p &amp; 10p ET on Fox News C‚Ä¶ https://t.co/xmxjwybEg1",308
@FoxNews,-0.2755,Sat Nov 04 15:11:17 +0000 2017,0.86,0.14,0.0,"George H.W. Bush calls Trump a 'blowhard' in new book: 'I don't like him'

https://t.co/7vcerkPi7m",309
@FoxNews,-0.8402,Sat Nov 04 15:03:21 +0000 2017,0.68,0.32,0.0,".@MichaelGWaltz: ""I'm devastated, and I'm devastated for my men who were baited into ambushes looking for [Bowe Ber‚Ä¶ https://t.co/GYEaBCg60S",310
@FoxNews,0.0,Sat Nov 04 15:03:02 +0000 2017,1.0,0.0,0.0,"TONIGHT on ""Justice,"" @JudgeJeanine talks to @SebGorka - Tune in at 9p ET on Fox News Channel! https://t.co/FfOAxsnxC6",311
@FoxNews,0.0276,Sat Nov 04 14:57:57 +0000 2017,0.605,0.196,0.199,".@DavidAsmanfox: ""It's kind of rich for Democrats to be arguing that it's going to increase the debt when it double‚Ä¶ https://t.co/WJGDzwXFdS",312
@FoxNews,0.0,Sat Nov 04 14:55:29 +0000 2017,1.0,0.0,0.0,.@SebGorka responds to a poll that showed 44 percent of American millennials would prefer a socialist nation.‚Ä¶ https://t.co/x95lg3nScN,313
@FoxNews,0.0,Sat Nov 04 14:51:57 +0000 2017,1.0,0.0,0.0,".@SebGorka: ""If there's anything untoward and undemocratic it's on the left in the last election."" https://t.co/zSRFJ8S7eG",314
@FoxNews,-0.5267,Sat Nov 04 14:44:10 +0000 2017,0.825,0.175,0.0,".@AlanDersh: ""Nothing was violated if and when Donald Trump and the campaign 'colluded' with the Russians."" https://t.co/EXuEM1Dbc2",315
@FoxNews,0.0,Sat Nov 04 14:40:35 +0000 2017,1.0,0.0,0.0,"Sgt. Morita: ""We have these injuries &amp; scars that are always going to be permanent and yet [Bowe Bergdahl's] going‚Ä¶ https://t.co/mg19pQaoyH",316
@FoxNews,-0.2755,Sat Nov 04 14:37:38 +0000 2017,0.909,0.091,0.0,".@dbongino: ""We are the least sinners of all the countries on Earth, and if you don't like the country, buy a 1-way‚Ä¶ https://t.co/0Z8xPmCoAS",317
@FoxNews,0.0,Sat Nov 04 14:27:46 +0000 2017,1.0,0.0,0.0,".@emilyjashinsky: ""@donnabrazile, when she was Vice Chair, was feeding questions that she had at @CNN back to the C‚Ä¶ https://t.co/qpoByEUtbd",318
@FoxNews,0.0,Sat Nov 04 14:17:24 +0000 2017,1.0,0.0,0.0,"On #BullsandBears, @T_S_P_O_O_K_Y slammed the Diversity Lottery Visa Program. https://t.co/EKtrWNqhMk",319
@FoxNews,-0.296,Sat Nov 04 14:11:08 +0000 2017,0.891,0.109,0.0,".@T_S_P_O_O_K_Y: ""No one is anti-immigration. People that I know are anti-'the idea that people can come here and m‚Ä¶ https://t.co/Ss4P2ndRo8",320
@FoxNews,0.2732,Sat Nov 04 15:45:03 +0000 2017,0.798,0.075,0.127,".@gen_jackkeane on Bergdahl sentencing: ""The military judge in this case - he clearly, in my judgment, made just a‚Ä¶ https://t.co/ouxGSXk3RH",321
@FoxNews,-0.0572,Sat Nov 04 15:41:49 +0000 2017,0.933,0.067,0.0,".@mchooyah: ""[The Obama Administration] didn't want to talk about the relationship between the Iranians and Al Qaed‚Ä¶ https://t.co/KuMeHQLZhP",322
@FoxNews,0.0,Sat Nov 04 15:39:21 +0000 2017,1.0,0.0,0.0,".@mchooyah on Bowe Bergdahl: ""The bare minimum should've been 17 years and a dishonorable discharge."" https://t.co/DURJOIbGGc",323
@FoxNews,0.0772,Sat Nov 04 15:33:06 +0000 2017,0.909,0.0,0.091,".@Jehmu: ""I want to buy that rogue [Twitter] employee a beer, on me."" #BullsandBears https://t.co/Y9zyh2HLkT",324
@FoxNews,0.0,Sat Nov 04 15:26:57 +0000 2017,1.0,0.0,0.0,".@realamymholmes: ""We're learning that Google and their algorithm might be pushing down conservative results on sea‚Ä¶ https://t.co/C8H4wW8J17",325
@FoxNews,0.0,Sat Nov 04 15:20:33 +0000 2017,1.0,0.0,0.0,.@GeorgeHWBush calls @POTUS a 'blowhard' in new book https://t.co/78NrX4KDLn https://t.co/fuOTdfOcAY,326
@FoxNews,-0.8442,Sat Nov 04 15:18:18 +0000 2017,0.633,0.367,0.0,".@AmbJohnBolton: ""Asia itself faces an increasing terrorist threat in Indonesia, in the Philippines, and elsewhere.‚Ä¶ https://t.co/LGvu4txAPW",327
@FoxNews,0.0,Sat Nov 04 15:18:05 +0000 2017,1.0,0.0,0.0,"TOMORROW on @FoxNewsSunday, Chris Wallace speaks exclusively to @SpeakerRyan - Tune in at 2p &amp; 10p ET on Fox News C‚Ä¶ https://t.co/xmxjwybEg1",328
@FoxNews,-0.2755,Sat Nov 04 15:11:17 +0000 2017,0.86,0.14,0.0,"George H.W. Bush calls Trump a 'blowhard' in new book: 'I don't like him'

https://t.co/7vcerkPi7m",329
@FoxNews,-0.8402,Sat Nov 04 15:03:21 +0000 2017,0.68,0.32,0.0,".@MichaelGWaltz: ""I'm devastated, and I'm devastated for my men who were baited into ambushes looking for [Bowe Ber‚Ä¶ https://t.co/GYEaBCg60S",330
@FoxNews,0.0,Sat Nov 04 15:03:02 +0000 2017,1.0,0.0,0.0,"TONIGHT on ""Justice,"" @JudgeJeanine talks to @SebGorka - Tune in at 9p ET on Fox News Channel! https://t.co/FfOAxsnxC6",331
@FoxNews,0.0276,Sat Nov 04 14:57:57 +0000 2017,0.605,0.196,0.199,".@DavidAsmanfox: ""It's kind of rich for Democrats to be arguing that it's going to increase the debt when it double‚Ä¶ https://t.co/WJGDzwXFdS",332
@FoxNews,0.0,Sat Nov 04 14:55:29 +0000 2017,1.0,0.0,0.0,.@SebGorka responds to a poll that showed 44 percent of American millennials would prefer a socialist nation.‚Ä¶ https://t.co/x95lg3nScN,333
@FoxNews,0.0,Sat Nov 04 14:51:57 +0000 2017,1.0,0.0,0.0,".@SebGorka: ""If there's anything untoward and undemocratic it's on the left in the last election."" https://t.co/zSRFJ8S7eG",334
@FoxNews,-0.5267,Sat Nov 04 14:44:10 +0000 2017,0.825,0.175,0.0,".@AlanDersh: ""Nothing was violated if and when Donald Trump and the campaign 'colluded' with the Russians."" https://t.co/EXuEM1Dbc2",335
@FoxNews,0.0,Sat Nov 04 14:40:35 +0000 2017,1.0,0.0,0.0,"Sgt. Morita: ""We have these injuries &amp; scars that are always going to be permanent and yet [Bowe Bergdahl's] going‚Ä¶ https://t.co/mg19pQaoyH",336
@FoxNews,-0.2755,Sat Nov 04 14:37:38 +0000 2017,0.909,0.091,0.0,".@dbongino: ""We are the least sinners of all the countries on Earth, and if you don't like the country, buy a 1-way‚Ä¶ https://t.co/0Z8xPmCoAS",337
@FoxNews,0.0,Sat Nov 04 14:27:46 +0000 2017,1.0,0.0,0.0,".@emilyjashinsky: ""@donnabrazile, when she was Vice Chair, was feeding questions that she had at @CNN back to the C‚Ä¶ https://t.co/qpoByEUtbd",338
@FoxNews,0.0,Sat Nov 04 14:17:24 +0000 2017,1.0,0.0,0.0,"On #BullsandBears, @T_S_P_O_O_K_Y slammed the Diversity Lottery Visa Program. https://t.co/EKtrWNqhMk",339
@FoxNews,-0.296,Sat Nov 04 14:11:08 +0000 2017,0.891,0.109,0.0,".@T_S_P_O_O_K_Y: ""No one is anti-immigration. People that I know are anti-'the idea that people can come here and m‚Ä¶ https://t.co/Ss4P2ndRo8",340
@FoxNews,0.2732,Sat Nov 04 15:45:03 +0000 2017,0.798,0.075,0.127,".@gen_jackkeane on Bergdahl sentencing: ""The military judge in this case - he clearly, in my judgment, made just a‚Ä¶ https://t.co/ouxGSXk3RH",341
@FoxNews,-0.0572,Sat Nov 04 15:41:49 +0000 2017,0.933,0.067,0.0,".@mchooyah: ""[The Obama Administration] didn't want to talk about the relationship between the Iranians and Al Qaed‚Ä¶ https://t.co/KuMeHQLZhP",342
@FoxNews,0.0,Sat Nov 04 15:39:21 +0000 2017,1.0,0.0,0.0,".@mchooyah on Bowe Bergdahl: ""The bare minimum should've been 17 years and a dishonorable discharge."" https://t.co/DURJOIbGGc",343
@FoxNews,0.0772,Sat Nov 04 15:33:06 +0000 2017,0.909,0.0,0.091,".@Jehmu: ""I want to buy that rogue [Twitter] employee a beer, on me."" #BullsandBears https://t.co/Y9zyh2HLkT",344
@FoxNews,0.0,Sat Nov 04 15:26:57 +0000 2017,1.0,0.0,0.0,".@realamymholmes: ""We're learning that Google and their algorithm might be pushing down conservative results on sea‚Ä¶ https://t.co/C8H4wW8J17",345
@FoxNews,0.0,Sat Nov 04 15:20:33 +0000 2017,1.0,0.0,0.0,.@GeorgeHWBush calls @POTUS a 'blowhard' in new book https://t.co/78NrX4KDLn https://t.co/fuOTdfOcAY,346
@FoxNews,-0.8442,Sat Nov 04 15:18:18 +0000 2017,0.633,0.367,0.0,".@AmbJohnBolton: ""Asia itself faces an increasing terrorist threat in Indonesia, in the Philippines, and elsewhere.‚Ä¶ https://t.co/LGvu4txAPW",347
@FoxNews,0.0,Sat Nov 04 15:18:05 +0000 2017,1.0,0.0,0.0,"TOMORROW on @FoxNewsSunday, Chris Wallace speaks exclusively to @SpeakerRyan - Tune in at 2p &amp; 10p ET on Fox News C‚Ä¶ https://t.co/xmxjwybEg1",348
@FoxNews,-0.2755,Sat Nov 04 15:11:17 +0000 2017,0.86,0.14,0.0,"George H.W. Bush calls Trump a 'blowhard' in new book: 'I don't like him'

https://t.co/7vcerkPi7m",349
@FoxNews,-0.8402,Sat Nov 04 15:03:21 +0000 2017,0.68,0.32,0.0,".@MichaelGWaltz: ""I'm devastated, and I'm devastated for my men who were baited into ambushes looking for [Bowe Ber‚Ä¶ https://t.co/GYEaBCg60S",350
@FoxNews,0.0,Sat Nov 04 15:03:02 +0000 2017,1.0,0.0,0.0,"TONIGHT on ""Justice,"" @JudgeJeanine talks to @SebGorka - Tune in at 9p ET on Fox News Channel! https://t.co/FfOAxsnxC6",351
@FoxNews,0.0276,Sat Nov 04 14:57:57 +0000 2017,0.605,0.196,0.199,".@DavidAsmanfox: ""It's kind of rich for Democrats to be arguing that it's going to increase the debt when it double‚Ä¶ https://t.co/WJGDzwXFdS",352
@FoxNews,0.0,Sat Nov 04 14:55:29 +0000 2017,1.0,0.0,0.0,.@SebGorka responds to a poll that showed 44 percent of American millennials would prefer a socialist nation.‚Ä¶ https://t.co/x95lg3nScN,353
@FoxNews,0.0,Sat Nov 04 14:51:57 +0000 2017,1.0,0.0,0.0,".@SebGorka: ""If there's anything untoward and undemocratic it's on the left in the last election."" https://t.co/zSRFJ8S7eG",354
@FoxNews,-0.5267,Sat Nov 04 14:44:10 +0000 2017,0.825,0.175,0.0,".@AlanDersh: ""Nothing was violated if and when Donald Trump and the campaign 'colluded' with the Russians."" https://t.co/EXuEM1Dbc2",355
@FoxNews,0.0,Sat Nov 04 14:40:35 +0000 2017,1.0,0.0,0.0,"Sgt. Morita: ""We have these injuries &amp; scars that are always going to be permanent and yet [Bowe Bergdahl's] going‚Ä¶ https://t.co/mg19pQaoyH",356
@FoxNews,-0.2755,Sat Nov 04 14:37:38 +0000 2017,0.909,0.091,0.0,".@dbongino: ""We are the least sinners of all the countries on Earth, and if you don't like the country, buy a 1-way‚Ä¶ https://t.co/0Z8xPmCoAS",357
@FoxNews,0.0,Sat Nov 04 14:27:46 +0000 2017,1.0,0.0,0.0,".@emilyjashinsky: ""@donnabrazile, when she was Vice Chair, was feeding questions that she had at @CNN back to the C‚Ä¶ https://t.co/qpoByEUtbd",358
@FoxNews,0.0,Sat Nov 04 14:17:24 +0000 2017,1.0,0.0,0.0,"On #BullsandBears, @T_S_P_O_O_K_Y slammed the Diversity Lottery Visa Program. https://t.co/EKtrWNqhMk",359
@FoxNews,-0.296,Sat Nov 04 14:11:08 +0000 2017,0.891,0.109,0.0,".@T_S_P_O_O_K_Y: ""No one is anti-immigration. People that I know are anti-'the idea that people can come here and m‚Ä¶ https://t.co/Ss4P2ndRo8",360
@FoxNews,0.2732,Sat Nov 04 15:45:03 +0000 2017,0.798,0.075,0.127,".@gen_jackkeane on Bergdahl sentencing: ""The military judge in this case - he clearly, in my judgment, made just a‚Ä¶ https://t.co/ouxGSXk3RH",361
@FoxNews,-0.0572,Sat Nov 04 15:41:49 +0000 2017,0.933,0.067,0.0,".@mchooyah: ""[The Obama Administration] didn't want to talk about the relationship between the Iranians and Al Qaed‚Ä¶ https://t.co/KuMeHQLZhP",362
@FoxNews,0.0,Sat Nov 04 15:39:21 +0000 2017,1.0,0.0,0.0,".@mchooyah on Bowe Bergdahl: ""The bare minimum should've been 17 years and a dishonorable discharge."" https://t.co/DURJOIbGGc",363
@FoxNews,0.0772,Sat Nov 04 15:33:06 +0000 2017,0.909,0.0,0.091,".@Jehmu: ""I want to buy that rogue [Twitter] employee a beer, on me."" #BullsandBears https://t.co/Y9zyh2HLkT",364
@FoxNews,0.0,Sat Nov 04 15:26:57 +0000 2017,1.0,0.0,0.0,".@realamymholmes: ""We're learning that Google and their algorithm might be pushing down conservative results on sea‚Ä¶ https://t.co/C8H4wW8J17",365
@FoxNews,0.0,Sat Nov 04 15:20:33 +0000 2017,1.0,0.0,0.0,.@GeorgeHWBush calls @POTUS a 'blowhard' in new book https://t.co/78NrX4KDLn https://t.co/fuOTdfOcAY,366
@FoxNews,-0.8442,Sat Nov 04 15:18:18 +0000 2017,0.633,0.367,0.0,".@AmbJohnBolton: ""Asia itself faces an increasing terrorist threat in Indonesia, in the Philippines, and elsewhere.‚Ä¶ https://t.co/LGvu4txAPW",367
@FoxNews,0.0,Sat Nov 04 15:18:05 +0000 2017,1.0,0.0,0.0,"TOMORROW on @FoxNewsSunday, Chris Wallace speaks exclusively to @SpeakerRyan - Tune in at 2p &amp; 10p ET on Fox News C‚Ä¶ https://t.co/xmxjwybEg1",368
@FoxNews,-0.2755,Sat Nov 04 15:11:17 +0000 2017,0.86,0.14,0.0,"George H.W. Bush calls Trump a 'blowhard' in new book: 'I don't like him'

https://t.co/7vcerkPi7m",369
@FoxNews,-0.8402,Sat Nov 04 15:03:21 +0000 2017,0.68,0.32,0.0,".@MichaelGWaltz: ""I'm devastated, and I'm devastated for my men who were baited into ambushes looking for [Bowe Ber‚Ä¶ https://t.co/GYEaBCg60S",370
@FoxNews,0.0,Sat Nov 04 15:03:02 +0000 2017,1.0,0.0,0.0,"TONIGHT on ""Justice,"" @JudgeJeanine talks to @SebGorka - Tune in at 9p ET on Fox News Channel! https://t.co/FfOAxsnxC6",371
@FoxNews,0.0276,Sat Nov 04 14:57:57 +0000 2017,0.605,0.196,0.199,".@DavidAsmanfox: ""It's kind of rich for Democrats to be arguing that it's going to increase the debt when it double‚Ä¶ https://t.co/WJGDzwXFdS",372
@FoxNews,0.0,Sat Nov 04 14:55:29 +0000 2017,1.0,0.0,0.0,.@SebGorka responds to a poll that showed 44 percent of American millennials would prefer a socialist nation.‚Ä¶ https://t.co/x95lg3nScN,373
@FoxNews,0.0,Sat Nov 04 14:51:57 +0000 2017,1.0,0.0,0.0,".@SebGorka: ""If there's anything untoward and undemocratic it's on the left in the last election."" https://t.co/zSRFJ8S7eG",374
@FoxNews,-0.5267,Sat Nov 04 14:44:10 +0000 2017,0.825,0.175,0.0,".@AlanDersh: ""Nothing was violated if and when Donald Trump and the campaign 'colluded' with the Russians."" https://t.co/EXuEM1Dbc2",375
@FoxNews,0.0,Sat Nov 04 14:40:35 +0000 2017,1.0,0.0,0.0,"Sgt. Morita: ""We have these injuries &amp; scars that are always going to be permanent and yet [Bowe Bergdahl's] going‚Ä¶ https://t.co/mg19pQaoyH",376
@FoxNews,-0.2755,Sat Nov 04 14:37:38 +0000 2017,0.909,0.091,0.0,".@dbongino: ""We are the least sinners of all the countries on Earth, and if you don't like the country, buy a 1-way‚Ä¶ https://t.co/0Z8xPmCoAS",377
@FoxNews,0.0,Sat Nov 04 14:27:46 +0000 2017,1.0,0.0,0.0,".@emilyjashinsky: ""@donnabrazile, when she was Vice Chair, was feeding questions that she had at @CNN back to the C‚Ä¶ https://t.co/qpoByEUtbd",378
@FoxNews,0.0,Sat Nov 04 14:17:24 +0000 2017,1.0,0.0,0.0,"On #BullsandBears, @T_S_P_O_O_K_Y slammed the Diversity Lottery Visa Program. https://t.co/EKtrWNqhMk",379
@FoxNews,-0.296,Sat Nov 04 14:11:08 +0000 2017,0.891,0.109,0.0,".@T_S_P_O_O_K_Y: ""No one is anti-immigration. People that I know are anti-'the idea that people can come here and m‚Ä¶ https://t.co/Ss4P2ndRo8",380
@FoxNews,0.2732,Sat Nov 04 15:45:03 +0000 2017,0.798,0.075,0.127,".@gen_jackkeane on Bergdahl sentencing: ""The military judge in this case - he clearly, in my judgment, made just a‚Ä¶ https://t.co/ouxGSXk3RH",381
@FoxNews,-0.0572,Sat Nov 04 15:41:49 +0000 2017,0.933,0.067,0.0,".@mchooyah: ""[The Obama Administration] didn't want to talk about the relationship between the Iranians and Al Qaed‚Ä¶ https://t.co/KuMeHQLZhP",382
@FoxNews,0.0,Sat Nov 04 15:39:21 +0000 2017,1.0,0.0,0.0,".@mchooyah on Bowe Bergdahl: ""The bare minimum should've been 17 years and a dishonorable discharge."" https://t.co/DURJOIbGGc",383
@FoxNews,0.0772,Sat Nov 04 15:33:06 +0000 2017,0.909,0.0,0.091,".@Jehmu: ""I want to buy that rogue [Twitter] employee a beer, on me."" #BullsandBears https://t.co/Y9zyh2HLkT",384
@FoxNews,0.0,Sat Nov 04 15:26:57 +0000 2017,1.0,0.0,0.0,".@realamymholmes: ""We're learning that Google and their algorithm might be pushing down conservative results on sea‚Ä¶ https://t.co/C8H4wW8J17",385
@FoxNews,0.0,Sat Nov 04 15:20:33 +0000 2017,1.0,0.0,0.0,.@GeorgeHWBush calls @POTUS a 'blowhard' in new book https://t.co/78NrX4KDLn https://t.co/fuOTdfOcAY,386
@FoxNews,-0.8442,Sat Nov 04 15:18:18 +0000 2017,0.633,0.367,0.0,".@AmbJohnBolton: ""Asia itself faces an increasing terrorist threat in Indonesia, in the Philippines, and elsewhere.‚Ä¶ https://t.co/LGvu4txAPW",387
@FoxNews,0.0,Sat Nov 04 15:18:05 +0000 2017,1.0,0.0,0.0,"TOMORROW on @FoxNewsSunday, Chris Wallace speaks exclusively to @SpeakerRyan - Tune in at 2p &amp; 10p ET on Fox News C‚Ä¶ https://t.co/xmxjwybEg1",388
@FoxNews,-0.2755,Sat Nov 04 15:11:17 +0000 2017,0.86,0.14,0.0,"George H.W. Bush calls Trump a 'blowhard' in new book: 'I don't like him'

https://t.co/7vcerkPi7m",389
@FoxNews,-0.8402,Sat Nov 04 15:03:21 +0000 2017,0.68,0.32,0.0,".@MichaelGWaltz: ""I'm devastated, and I'm devastated for my men who were baited into ambushes looking for [Bowe Ber‚Ä¶ https://t.co/GYEaBCg60S",390
@FoxNews,0.0,Sat Nov 04 15:03:02 +0000 2017,1.0,0.0,0.0,"TONIGHT on ""Justice,"" @JudgeJeanine talks to @SebGorka - Tune in at 9p ET on Fox News Channel! https://t.co/FfOAxsnxC6",391
@FoxNews,0.0276,Sat Nov 04 14:57:57 +0000 2017,0.605,0.196,0.199,".@DavidAsmanfox: ""It's kind of rich for Democrats to be arguing that it's going to increase the debt when it double‚Ä¶ https://t.co/WJGDzwXFdS",392
@FoxNews,0.0,Sat Nov 04 14:55:29 +0000 2017,1.0,0.0,0.0,.@SebGorka responds to a poll that showed 44 percent of American millennials would prefer a socialist nation.‚Ä¶ https://t.co/x95lg3nScN,393
@FoxNews,0.0,Sat Nov 04 14:51:57 +0000 2017,1.0,0.0,0.0,".@SebGorka: ""If there's anything untoward and undemocratic it's on the left in the last election."" https://t.co/zSRFJ8S7eG",394
@FoxNews,-0.5267,Sat Nov 04 14:44:10 +0000 2017,0.825,0.175,0.0,".@AlanDersh: ""Nothing was violated if and when Donald Trump and the campaign 'colluded' with the Russians."" https://t.co/EXuEM1Dbc2",395
@FoxNews,0.0,Sat Nov 04 14:40:35 +0000 2017,1.0,0.0,0.0,"Sgt. Morita: ""We have these injuries &amp; scars that are always going to be permanent and yet [Bowe Bergdahl's] going‚Ä¶ https://t.co/mg19pQaoyH",396
@FoxNews,-0.2755,Sat Nov 04 14:37:38 +0000 2017,0.909,0.091,0.0,".@dbongino: ""We are the least sinners of all the countries on Earth, and if you don't like the country, buy a 1-way‚Ä¶ https://t.co/0Z8xPmCoAS",397
@FoxNews,0.0,Sat Nov 04 14:27:46 +0000 2017,1.0,0.0,0.0,".@emilyjashinsky: ""@donnabrazile, when she was Vice Chair, was feeding questions that she had at @CNN back to the C‚Ä¶ https://t.co/qpoByEUtbd",398
@FoxNews,0.0,Sat Nov 04 14:17:24 +0000 2017,1.0,0.0,0.0,"On #BullsandBears, @T_S_P_O_O_K_Y slammed the Diversity Lottery Visa Program. https://t.co/EKtrWNqhMk",399
@FoxNews,-0.296,Sat Nov 04 14:11:08 +0000 2017,0.891,0.109,0.0,".@T_S_P_O_O_K_Y: ""No one is anti-immigration. People that I know are anti-'the idea that people can come here and m‚Ä¶ https://t.co/Ss4P2ndRo8",400
@nytimes,0.0,Sat Nov 04 15:46:04 +0000 2017,1.0,0.0,0.0,"How 6 women changed a ""separate but equal"" rule at the New York City Marathon https://t.co/L0XnWBLUhJ",401
@nytimes,0.6808,Sat Nov 04 15:31:06 +0000 2017,0.641,0.0,0.359,Readers share their personal stories about winning the diversity visa lottery https://t.co/sbQsU6h49c,402
@nytimes,-0.2617,Sat Nov 04 15:16:05 +0000 2017,0.892,0.108,0.0,"The climate is changing for the worse, a new report says, but most minds are already made up https://t.co/cavy4j7R2T",403
@nytimes,-0.34,Sat Nov 04 15:01:03 +0000 2017,0.882,0.118,0.0,"The rate of gun deaths in the U.S. rose for the second year in a row, the CDC announced https://t.co/ugZDAGxAN5",404
@nytimes,0.0,Sat Nov 04 14:46:02 +0000 2017,1.0,0.0,0.0,Your Saturday playlist: The week's 10 most notable new songs https://t.co/Ij6wi7N8Tv,405
@nytimes,-0.5994,Sat Nov 04 14:31:02 +0000 2017,0.776,0.224,0.0,"""I'm worried that I will be the last Republican president."" George Bush and his father reveal unease over Trump. https://t.co/HF1dEPgsPT",406
@nytimes,-0.34,Sat Nov 04 14:16:05 +0000 2017,0.882,0.118,0.0,We tracked international ape smugglers from Congolese rain forests to the streets of Bangkok. Here is what unfolded. https://t.co/NasOdlT6dO,407
@nytimes,-0.4215,Sat Nov 04 14:01:05 +0000 2017,0.722,0.211,0.067,"Lawmakers in several states, tired of turning the clocks back, want to leave Eastern Standard Time https://t.co/vEKCQ8Lm4O",408
@nytimes,0.4754,Sat Nov 04 13:55:05 +0000 2017,0.694,0.0,0.306,Our 10 most popular Thanksgiving side dishes https://t.co/Fls8Yms5iS,409
@nytimes,0.4019,Sat Nov 04 13:41:14 +0000 2017,0.748,0.0,0.252,6 charts that help explain the Republican tax plan https://t.co/szByGie2T9,410
@nytimes,0.0,Sat Nov 04 13:19:49 +0000 2017,1.0,0.0,0.0,The 5 biggest changes for families in the Republican tax bill https://t.co/lQhq00xOSZ,411
@nytimes,0.0,Sat Nov 04 13:02:07 +0000 2017,1.0,0.0,0.0,Inside Silicon Valley‚Äôs effort to sell their products into America‚Äôs classrooms by courting superintendents https://t.co/khFHx9ew44,412
@nytimes,0.0,Sat Nov 04 12:41:04 +0000 2017,1.0,0.0,0.0,6 myths about choosing a college major https://t.co/IlDssz0SKa,413
@nytimes,-0.765,Sat Nov 04 12:21:06 +0000 2017,0.515,0.485,0.0,"Opinion: A billionaire destroyed his newsrooms out of spite
https://t.co/OqJGGN5PmN",414
@nytimes,-0.3182,Sat Nov 04 12:02:03 +0000 2017,0.874,0.126,0.0,"A Trump campaign adviser testified that he met with Russian officials in 2016, contradicting his previous accounts https://t.co/hieemCGMMp",415
@nytimes,-0.6124,Sat Nov 04 11:46:20 +0000 2017,0.583,0.417,0.0,Lebanese Prime Minister Resigns Amid Tensions With Hezbollah https://t.co/6vLjJnSisf,416
@nytimes,0.765,Sat Nov 04 11:41:06 +0000 2017,0.577,0.0,0.423,"""Easily the best chili I have ever made,"" says one reader https://t.co/hqfcCwr2fw",417
@nytimes,0.0,Sat Nov 04 11:21:07 +0000 2017,1.0,0.0,0.0,Where the STEM jobs are (and where they aren't) https://t.co/zVmDC1baOx https://t.co/NHRQ4yXgXv,418
@nytimes,0.4404,Sat Nov 04 11:02:02 +0000 2017,0.854,0.0,0.146,"From marijuana to property taxes, a look at what the candidates for New Jersey governor hope to do https://t.co/161XXYItHo",419
@nytimes,0.5267,Sat Nov 04 10:35:27 +0000 2017,0.764,0.0,0.236,This classic stick-to-your-ribs stew is the ideal project for a chilly evening https://t.co/tZ5a2D7UD8,420
@nytimes,0.0,Sat Nov 04 15:46:04 +0000 2017,1.0,0.0,0.0,"How 6 women changed a ""separate but equal"" rule at the New York City Marathon https://t.co/L0XnWBLUhJ",421
@nytimes,0.6808,Sat Nov 04 15:31:06 +0000 2017,0.641,0.0,0.359,Readers share their personal stories about winning the diversity visa lottery https://t.co/sbQsU6h49c,422
@nytimes,-0.2617,Sat Nov 04 15:16:05 +0000 2017,0.892,0.108,0.0,"The climate is changing for the worse, a new report says, but most minds are already made up https://t.co/cavy4j7R2T",423
@nytimes,-0.34,Sat Nov 04 15:01:03 +0000 2017,0.882,0.118,0.0,"The rate of gun deaths in the U.S. rose for the second year in a row, the CDC announced https://t.co/ugZDAGxAN5",424
@nytimes,0.0,Sat Nov 04 14:46:02 +0000 2017,1.0,0.0,0.0,Your Saturday playlist: The week's 10 most notable new songs https://t.co/Ij6wi7N8Tv,425
@nytimes,-0.5994,Sat Nov 04 14:31:02 +0000 2017,0.776,0.224,0.0,"""I'm worried that I will be the last Republican president."" George Bush and his father reveal unease over Trump. https://t.co/HF1dEPgsPT",426
@nytimes,-0.34,Sat Nov 04 14:16:05 +0000 2017,0.882,0.118,0.0,We tracked international ape smugglers from Congolese rain forests to the streets of Bangkok. Here is what unfolded. https://t.co/NasOdlT6dO,427
@nytimes,-0.4215,Sat Nov 04 14:01:05 +0000 2017,0.722,0.211,0.067,"Lawmakers in several states, tired of turning the clocks back, want to leave Eastern Standard Time https://t.co/vEKCQ8Lm4O",428
@nytimes,0.4754,Sat Nov 04 13:55:05 +0000 2017,0.694,0.0,0.306,Our 10 most popular Thanksgiving side dishes https://t.co/Fls8Yms5iS,429
@nytimes,0.4019,Sat Nov 04 13:41:14 +0000 2017,0.748,0.0,0.252,6 charts that help explain the Republican tax plan https://t.co/szByGie2T9,430
@nytimes,0.0,Sat Nov 04 13:19:49 +0000 2017,1.0,0.0,0.0,The 5 biggest changes for families in the Republican tax bill https://t.co/lQhq00xOSZ,431
@nytimes,0.0,Sat Nov 04 13:02:07 +0000 2017,1.0,0.0,0.0,Inside Silicon Valley‚Äôs effort to sell their products into America‚Äôs classrooms by courting superintendents https://t.co/khFHx9ew44,432
@nytimes,0.0,Sat Nov 04 12:41:04 +0000 2017,1.0,0.0,0.0,6 myths about choosing a college major https://t.co/IlDssz0SKa,433
@nytimes,-0.765,Sat Nov 04 12:21:06 +0000 2017,0.515,0.485,0.0,"Opinion: A billionaire destroyed his newsrooms out of spite
https://t.co/OqJGGN5PmN",434
@nytimes,-0.3182,Sat Nov 04 12:02:03 +0000 2017,0.874,0.126,0.0,"A Trump campaign adviser testified that he met with Russian officials in 2016, contradicting his previous accounts https://t.co/hieemCGMMp",435
@nytimes,-0.6124,Sat Nov 04 11:46:20 +0000 2017,0.583,0.417,0.0,Lebanese Prime Minister Resigns Amid Tensions With Hezbollah https://t.co/6vLjJnSisf,436
@nytimes,0.765,Sat Nov 04 11:41:06 +0000 2017,0.577,0.0,0.423,"""Easily the best chili I have ever made,"" says one reader https://t.co/hqfcCwr2fw",437
@nytimes,0.0,Sat Nov 04 11:21:07 +0000 2017,1.0,0.0,0.0,Where the STEM jobs are (and where they aren't) https://t.co/zVmDC1baOx https://t.co/NHRQ4yXgXv,438
@nytimes,0.4404,Sat Nov 04 11:02:02 +0000 2017,0.854,0.0,0.146,"From marijuana to property taxes, a look at what the candidates for New Jersey governor hope to do https://t.co/161XXYItHo",439
@nytimes,0.5267,Sat Nov 04 10:35:27 +0000 2017,0.764,0.0,0.236,This classic stick-to-your-ribs stew is the ideal project for a chilly evening https://t.co/tZ5a2D7UD8,440
@nytimes,0.0,Sat Nov 04 15:46:04 +0000 2017,1.0,0.0,0.0,"How 6 women changed a ""separate but equal"" rule at the New York City Marathon https://t.co/L0XnWBLUhJ",441
@nytimes,0.6808,Sat Nov 04 15:31:06 +0000 2017,0.641,0.0,0.359,Readers share their personal stories about winning the diversity visa lottery https://t.co/sbQsU6h49c,442
@nytimes,-0.2617,Sat Nov 04 15:16:05 +0000 2017,0.892,0.108,0.0,"The climate is changing for the worse, a new report says, but most minds are already made up https://t.co/cavy4j7R2T",443
@nytimes,-0.34,Sat Nov 04 15:01:03 +0000 2017,0.882,0.118,0.0,"The rate of gun deaths in the U.S. rose for the second year in a row, the CDC announced https://t.co/ugZDAGxAN5",444
@nytimes,0.0,Sat Nov 04 14:46:02 +0000 2017,1.0,0.0,0.0,Your Saturday playlist: The week's 10 most notable new songs https://t.co/Ij6wi7N8Tv,445
@nytimes,-0.5994,Sat Nov 04 14:31:02 +0000 2017,0.776,0.224,0.0,"""I'm worried that I will be the last Republican president."" George Bush and his father reveal unease over Trump. https://t.co/HF1dEPgsPT",446
@nytimes,-0.34,Sat Nov 04 14:16:05 +0000 2017,0.882,0.118,0.0,We tracked international ape smugglers from Congolese rain forests to the streets of Bangkok. Here is what unfolded. https://t.co/NasOdlT6dO,447
@nytimes,-0.4215,Sat Nov 04 14:01:05 +0000 2017,0.722,0.211,0.067,"Lawmakers in several states, tired of turning the clocks back, want to leave Eastern Standard Time https://t.co/vEKCQ8Lm4O",448
@nytimes,0.4754,Sat Nov 04 13:55:05 +0000 2017,0.694,0.0,0.306,Our 10 most popular Thanksgiving side dishes https://t.co/Fls8Yms5iS,449
@nytimes,0.4019,Sat Nov 04 13:41:14 +0000 2017,0.748,0.0,0.252,6 charts that help explain the Republican tax plan https://t.co/szByGie2T9,450
@nytimes,0.0,Sat Nov 04 13:19:49 +0000 2017,1.0,0.0,0.0,The 5 biggest changes for families in the Republican tax bill https://t.co/lQhq00xOSZ,451
@nytimes,0.0,Sat Nov 04 13:02:07 +0000 2017,1.0,0.0,0.0,Inside Silicon Valley‚Äôs effort to sell their products into America‚Äôs classrooms by courting superintendents https://t.co/khFHx9ew44,452
@nytimes,0.0,Sat Nov 04 12:41:04 +0000 2017,1.0,0.0,0.0,6 myths about choosing a college major https://t.co/IlDssz0SKa,453
@nytimes,-0.765,Sat Nov 04 12:21:06 +0000 2017,0.515,0.485,0.0,"Opinion: A billionaire destroyed his newsrooms out of spite
https://t.co/OqJGGN5PmN",454
@nytimes,-0.3182,Sat Nov 04 12:02:03 +0000 2017,0.874,0.126,0.0,"A Trump campaign adviser testified that he met with Russian officials in 2016, contradicting his previous accounts https://t.co/hieemCGMMp",455
@nytimes,-0.6124,Sat Nov 04 11:46:20 +0000 2017,0.583,0.417,0.0,Lebanese Prime Minister Resigns Amid Tensions With Hezbollah https://t.co/6vLjJnSisf,456
@nytimes,0.765,Sat Nov 04 11:41:06 +0000 2017,0.577,0.0,0.423,"""Easily the best chili I have ever made,"" says one reader https://t.co/hqfcCwr2fw",457
@nytimes,0.0,Sat Nov 04 11:21:07 +0000 2017,1.0,0.0,0.0,Where the STEM jobs are (and where they aren't) https://t.co/zVmDC1baOx https://t.co/NHRQ4yXgXv,458
@nytimes,0.4404,Sat Nov 04 11:02:02 +0000 2017,0.854,0.0,0.146,"From marijuana to property taxes, a look at what the candidates for New Jersey governor hope to do https://t.co/161XXYItHo",459
@nytimes,0.5267,Sat Nov 04 10:35:27 +0000 2017,0.764,0.0,0.236,This classic stick-to-your-ribs stew is the ideal project for a chilly evening https://t.co/tZ5a2D7UD8,460
@nytimes,0.0,Sat Nov 04 15:46:04 +0000 2017,1.0,0.0,0.0,"How 6 women changed a ""separate but equal"" rule at the New York City Marathon https://t.co/L0XnWBLUhJ",461
@nytimes,0.6808,Sat Nov 04 15:31:06 +0000 2017,0.641,0.0,0.359,Readers share their personal stories about winning the diversity visa lottery https://t.co/sbQsU6h49c,462
@nytimes,-0.2617,Sat Nov 04 15:16:05 +0000 2017,0.892,0.108,0.0,"The climate is changing for the worse, a new report says, but most minds are already made up https://t.co/cavy4j7R2T",463
@nytimes,-0.34,Sat Nov 04 15:01:03 +0000 2017,0.882,0.118,0.0,"The rate of gun deaths in the U.S. rose for the second year in a row, the CDC announced https://t.co/ugZDAGxAN5",464
@nytimes,0.0,Sat Nov 04 14:46:02 +0000 2017,1.0,0.0,0.0,Your Saturday playlist: The week's 10 most notable new songs https://t.co/Ij6wi7N8Tv,465
@nytimes,-0.5994,Sat Nov 04 14:31:02 +0000 2017,0.776,0.224,0.0,"""I'm worried that I will be the last Republican president."" George Bush and his father reveal unease over Trump. https://t.co/HF1dEPgsPT",466
@nytimes,-0.34,Sat Nov 04 14:16:05 +0000 2017,0.882,0.118,0.0,We tracked international ape smugglers from Congolese rain forests to the streets of Bangkok. Here is what unfolded. https://t.co/NasOdlT6dO,467
@nytimes,-0.4215,Sat Nov 04 14:01:05 +0000 2017,0.722,0.211,0.067,"Lawmakers in several states, tired of turning the clocks back, want to leave Eastern Standard Time https://t.co/vEKCQ8Lm4O",468
@nytimes,0.4754,Sat Nov 04 13:55:05 +0000 2017,0.694,0.0,0.306,Our 10 most popular Thanksgiving side dishes https://t.co/Fls8Yms5iS,469
@nytimes,0.4019,Sat Nov 04 13:41:14 +0000 2017,0.748,0.0,0.252,6 charts that help explain the Republican tax plan https://t.co/szByGie2T9,470
@nytimes,0.0,Sat Nov 04 13:19:49 +0000 2017,1.0,0.0,0.0,The 5 biggest changes for families in the Republican tax bill https://t.co/lQhq00xOSZ,471
@nytimes,0.0,Sat Nov 04 13:02:07 +0000 2017,1.0,0.0,0.0,Inside Silicon Valley‚Äôs effort to sell their products into America‚Äôs classrooms by courting superintendents https://t.co/khFHx9ew44,472
@nytimes,0.0,Sat Nov 04 12:41:04 +0000 2017,1.0,0.0,0.0,6 myths about choosing a college major https://t.co/IlDssz0SKa,473
@nytimes,-0.765,Sat Nov 04 12:21:06 +0000 2017,0.515,0.485,0.0,"Opinion: A billionaire destroyed his newsrooms out of spite
https://t.co/OqJGGN5PmN",474
@nytimes,-0.3182,Sat Nov 04 12:02:03 +0000 2017,0.874,0.126,0.0,"A Trump campaign adviser testified that he met with Russian officials in 2016, contradicting his previous accounts https://t.co/hieemCGMMp",475
@nytimes,-0.6124,Sat Nov 04 11:46:20 +0000 2017,0.583,0.417,0.0,Lebanese Prime Minister Resigns Amid Tensions With Hezbollah https://t.co/6vLjJnSisf,476
@nytimes,0.765,Sat Nov 04 11:41:06 +0000 2017,0.577,0.0,0.423,"""Easily the best chili I have ever made,"" says one reader https://t.co/hqfcCwr2fw",477
@nytimes,0.0,Sat Nov 04 11:21:07 +0000 2017,1.0,0.0,0.0,Where the STEM jobs are (and where they aren't) https://t.co/zVmDC1baOx https://t.co/NHRQ4yXgXv,478
@nytimes,0.4404,Sat Nov 04 11:02:02 +0000 2017,0.854,0.0,0.146,"From marijuana to property taxes, a look at what the candidates for New Jersey governor hope to do https://t.co/161XXYItHo",479
@nytimes,0.5267,Sat Nov 04 10:35:27 +0000 2017,0.764,0.0,0.236,This classic stick-to-your-ribs stew is the ideal project for a chilly evening https://t.co/tZ5a2D7UD8,480
@nytimes,0.0,Sat Nov 04 15:46:04 +0000 2017,1.0,0.0,0.0,"How 6 women changed a ""separate but equal"" rule at the New York City Marathon https://t.co/L0XnWBLUhJ",481
@nytimes,0.6808,Sat Nov 04 15:31:06 +0000 2017,0.641,0.0,0.359,Readers share their personal stories about winning the diversity visa lottery https://t.co/sbQsU6h49c,482
@nytimes,-0.2617,Sat Nov 04 15:16:05 +0000 2017,0.892,0.108,0.0,"The climate is changing for the worse, a new report says, but most minds are already made up https://t.co/cavy4j7R2T",483
@nytimes,-0.34,Sat Nov 04 15:01:03 +0000 2017,0.882,0.118,0.0,"The rate of gun deaths in the U.S. rose for the second year in a row, the CDC announced https://t.co/ugZDAGxAN5",484
@nytimes,0.0,Sat Nov 04 14:46:02 +0000 2017,1.0,0.0,0.0,Your Saturday playlist: The week's 10 most notable new songs https://t.co/Ij6wi7N8Tv,485
@nytimes,-0.5994,Sat Nov 04 14:31:02 +0000 2017,0.776,0.224,0.0,"""I'm worried that I will be the last Republican president."" George Bush and his father reveal unease over Trump. https://t.co/HF1dEPgsPT",486
@nytimes,-0.34,Sat Nov 04 14:16:05 +0000 2017,0.882,0.118,0.0,We tracked international ape smugglers from Congolese rain forests to the streets of Bangkok. Here is what unfolded. https://t.co/NasOdlT6dO,487
@nytimes,-0.4215,Sat Nov 04 14:01:05 +0000 2017,0.722,0.211,0.067,"Lawmakers in several states, tired of turning the clocks back, want to leave Eastern Standard Time https://t.co/vEKCQ8Lm4O",488
@nytimes,0.4754,Sat Nov 04 13:55:05 +0000 2017,0.694,0.0,0.306,Our 10 most popular Thanksgiving side dishes https://t.co/Fls8Yms5iS,489
@nytimes,0.4019,Sat Nov 04 13:41:14 +0000 2017,0.748,0.0,0.252,6 charts that help explain the Republican tax plan https://t.co/szByGie2T9,490
@nytimes,0.0,Sat Nov 04 13:19:49 +0000 2017,1.0,0.0,0.0,The 5 biggest changes for families in the Republican tax bill https://t.co/lQhq00xOSZ,491
@nytimes,0.0,Sat Nov 04 13:02:07 +0000 2017,1.0,0.0,0.0,Inside Silicon Valley‚Äôs effort to sell their products into America‚Äôs classrooms by courting superintendents https://t.co/khFHx9ew44,492
@nytimes,0.0,Sat Nov 04 12:41:04 +0000 2017,1.0,0.0,0.0,6 myths about choosing a college major https://t.co/IlDssz0SKa,493
@nytimes,-0.765,Sat Nov 04 12:21:06 +0000 2017,0.515,0.485,0.0,"Opinion: A billionaire destroyed his newsrooms out of spite
https://t.co/OqJGGN5PmN",494
@nytimes,-0.3182,Sat Nov 04 12:02:03 +0000 2017,0.874,0.126,0.0,"A Trump campaign adviser testified that he met with Russian officials in 2016, contradicting his previous accounts https://t.co/hieemCGMMp",495
@nytimes,-0.6124,Sat Nov 04 11:46:20 +0000 2017,0.583,0.417,0.0,Lebanese Prime Minister Resigns Amid Tensions With Hezbollah https://t.co/6vLjJnSisf,496
@nytimes,0.765,Sat Nov 04 11:41:06 +0000 2017,0.577,0.0,0.423,"""Easily the best chili I have ever made,"" says one reader https://t.co/hqfcCwr2fw",497
@nytimes,0.0,Sat Nov 04 11:21:07 +0000 2017,1.0,0.0,0.0,Where the STEM jobs are (and where they aren't) https://t.co/zVmDC1baOx https://t.co/NHRQ4yXgXv,498
@nytimes,0.4404,Sat Nov 04 11:02:02 +0000 2017,0.854,0.0,0.146,"From marijuana to property taxes, a look at what the candidates for New Jersey governor hope to do https://t.co/161XXYItHo",499
@nytimes,0.5267,Sat Nov 04 10:35:27 +0000 2017,0.764,0.0,0.236,This classic stick-to-your-ribs stew is the ideal project for a chilly evening https://t.co/tZ5a2D7UD8,500
